FaktaID,WaktuID,LokasiID,PenerbanganID,PesawatID,KelasID,StatusID,Jumlah_Penumpang,Pendapatan,Biaya_Operasional,Waktu_Keberangkatan,Waktu_Kedatangan,Keterlambatan
1,20240419,1,2,1,2,1,175,350000000,28256980,2024-04-19 14:00:00,2024-04-19 19:00:00,0
2,20240510,6,12,9,2,2,100,200000000,23353338,2024-05-10 12:00:00,2024-05-10 17:10:00,70
3,20240308,3,14,10,3,1,106,530000000,43933662,2024-03-08 22:00:00,2024-03-09 03:00:00,0
4,20240101,7,11,9,2,2,161,322000000,21841627,2024-01-01 04:00:00,2024-01-01 09:50:00,110
5,20240111,5,18,4,1,2,91,72800000,27468411,2024-01-11 11:00:00,2024-01-11 13:06:00,6
6,20240420,3,8,8,2,2,144,288000000,12148267,2024-04-20 10:00:00,2024-04-20 14:57:00,117
7,20240715,1,2,1,3,1,111,555000000,39076018,2024-07-15 18:00:00,2024-07-15 22:00:00,0
8,20240621,6,3,9,1,3,92,73600000,20664206,2024-06-21 19:00:00,2024-06-21 22:58:00,118
9,20240222,3,6,1,1,3,214,171200000,25022164,2024-02-22 02:00:00,2024-02-22 06:48:00,168
10,20241206,5,15,9,3,1,77,385000000,41476772,2024-12-06 22:00:00,2024-12-07 00:00:00,0
11,20240318,6,14,5,1,3,58,46400000,43564266,2024-03-18 11:00:00,2024-03-18 15:19:00,139
12,20240615,10,16,6,2,3,210,420000000,28337627,2024-06-15 15:00:00,2024-06-15 22:49:00,169
13,20240710,6,1,4,3,2,81,405000000,44794274,2024-07-10 10:00:00,2024-07-10 15:42:00,42
14,20240816,2,18,10,1,1,202,161600000,37902604,2024-08-16 00:00:00,2024-08-16 05:00:00,0
15,20240611,7,15,6,1,2,156,124800000,43747344,2024-06-11 17:00:00,2024-06-11 21:23:00,23
16,20240928,4,4,3,1,3,89,71200000,23436807,2024-09-28 09:00:00,2024-09-28 13:00:00,180
17,20241201,1,16,5,3,3,103,515000000,47381087,2024-12-01 09:00:00,2024-12-01 11:44:00,104
18,20241229,5,4,5,3,1,74,370000000,11987155,2024-12-29 05:00:00,2024-12-29 10:00:00,0
19,20240604,10,18,3,2,1,85,170000000,30891591,2024-06-04 19:00:00,2024-06-04 21:00:00,0
20,20240124,4,4,1,3,2,98,490000000,20017661,2024-01-24 09:00:00,2024-01-24 14:11:00,71
21,20240904,7,17,6,1,3,180,144000000,44277478,2024-09-04 11:00:00,2024-09-04 18:51:00,171
22,20240304,6,14,5,2,2,80,160000000,24220925,2024-03-04 21:00:00,2024-03-05 03:47:00,107
23,20240903,3,1,4,1,2,116,92800000,31034643,2024-09-03 20:00:00,2024-09-04 00:07:00,7
24,20241205,7,10,3,2,2,61,122000000,33836909,2024-12-05 01:00:00,2024-12-05 05:36:00,96
25,20240315,10,4,9,3,2,71,355000000,24362266,2024-03-15 21:00:00,2024-03-16 01:12:00,12
26,20241005,2,4,1,2,2,175,350000000,37600563,2024-10-05 01:00:00,2024-10-05 05:20:00,80
27,20240819,10,6,1,2,1,170,340000000,40727129,2024-08-19 00:00:00,2024-08-19 05:00:00,0
28,20241112,6,10,2,1,2,139,111200000,43312953,2024-11-12 17:00:00,2024-11-12 23:05:00,65
29,20240113,9,19,7,2,2,83,166000000,42365072,2024-01-13 17:00:00,2024-01-13 20:50:00,110
30,20240907,4,7,9,1,2,155,124000000,44380970,2024-09-07 08:00:00,2024-09-07 12:10:00,10
31,20240911,4,14,1,2,1,63,126000000,44519748,2024-09-11 11:00:00,2024-09-11 15:00:00,0
32,20240621,1,18,1,1,3,168,134400000,27393789,2024-06-21 22:00:00,2024-06-22 03:54:00,174
33,20240711,6,11,4,1,1,62,49600000,32212206,2024-07-11 23:00:00,2024-07-12 01:00:00,0
34,20240802,1,16,3,1,2,94,75200000,24039897,2024-08-02 17:00:00,2024-08-02 19:11:00,11
35,20240505,7,13,1,2,2,143,286000000,24471904,2024-05-05 09:00:00,2024-05-05 13:02:00,62
36,20240515,4,7,8,1,1,69,55200000,48806024,2024-05-15 16:00:00,2024-05-15 17:00:00,0
37,20240713,7,2,5,2,2,66,132000000,16784798,2024-07-13 01:00:00,2024-07-13 03:23:00,23
38,20240512,1,11,9,1,3,162,129600000,38875603,2024-05-12 12:00:00,2024-05-12 15:52:00,172
39,20240227,2,7,4,1,1,69,55200000,42487952,2024-02-27 10:00:00,2024-02-27 14:00:00,0
40,20241206,7,19,5,3,3,100,500000000,33559503,2024-12-06 05:00:00,2024-12-06 08:19:00,79
41,20241214,7,14,2,2,3,205,410000000,20152800,2024-12-14 17:00:00,2024-12-14 20:13:00,133
42,20240216,8,11,9,1,1,158,126400000,16896802,2024-02-16 20:00:00,2024-02-16 23:00:00,0
43,20240724,9,13,2,1,1,160,128000000,46554904,2024-07-24 06:00:00,2024-07-24 08:00:00,0
44,20241023,9,6,9,2,3,119,238000000,32148372,2024-10-23 09:00:00,2024-10-23 15:09:00,69
45,20240819,2,18,4,2,3,58,116000000,15637096,2024-08-19 08:00:00,2024-08-19 13:23:00,83
46,20240630,9,20,1,2,3,171,342000000,28151876,2024-06-30 17:00:00,2024-06-30 22:15:00,135
47,20241020,1,12,2,3,2,149,745000000,14385741,2024-10-20 16:00:00,2024-10-20 19:32:00,92
48,20241115,10,17,6,1,1,185,148000000,32840111,2024-11-15 11:00:00,2024-11-15 16:00:00,0
49,20240924,2,16,6,1,3,120,96000000,35478710,2024-09-24 06:00:00,2024-09-24 10:22:00,82
50,20240731,6,4,4,1,3,66,52800000,24744765,2024-07-31 09:00:00,2024-07-31 12:11:00,131
51,20241103,3,10,10,3,2,83,415000000,15664960,2024-11-03 11:00:00,2024-11-03 13:12:00,12
52,20241120,1,10,5,2,1,50,100000000,28736992,2024-11-20 01:00:00,2024-11-20 03:00:00,0
53,20240611,1,11,4,3,3,77,385000000,41869879,2024-06-11 20:00:00,2024-06-12 00:35:00,155
54,20240306,1,14,10,2,2,169,338000000,31227669,2024-03-06 23:00:00,2024-03-07 04:32:00,32
55,20240427,3,17,8,1,1,60,48000000,42083544,2024-04-27 06:00:00,2024-04-27 11:00:00,0
56,20241127,2,5,9,3,3,100,500000000,21074118,2024-11-27 16:00:00,2024-11-27 19:29:00,149
57,20240917,8,10,7,2,1,126,252000000,17366276,2024-09-17 09:00:00,2024-09-17 14:00:00,0
58,20240819,1,15,2,3,2,146,730000000,45317863,2024-08-19 08:00:00,2024-08-19 10:16:00,76
59,20240204,5,12,9,1,2,75,60000000,46428971,2024-02-04 08:00:00,2024-02-04 14:49:00,109
60,20240211,1,19,8,3,1,152,760000000,25517102,2024-02-11 07:00:00,2024-02-11 11:00:00,0
61,20240728,4,16,1,2,2,118,236000000,32750460,2024-07-28 23:00:00,2024-07-29 01:34:00,34
62,20240102,7,5,6,3,3,125,625000000,35728222,2024-01-02 04:00:00,2024-01-02 11:40:00,160
63,20241024,8,16,10,3,3,151,755000000,12165672,2024-10-24 22:00:00,2024-10-25 03:57:00,177
64,20240420,8,1,5,3,3,62,310000000,25655663,2024-04-20 16:00:00,2024-04-20 18:24:00,84
65,20240414,7,14,1,2,3,183,366000000,35186035,2024-04-14 16:00:00,2024-04-14 22:00:00,60
66,20240903,7,8,9,3,3,173,865000000,45276222,2024-09-03 18:00:00,2024-09-03 22:58:00,178
67,20240718,7,14,6,2,3,53,106000000,15246214,2024-07-18 04:00:00,2024-07-18 09:45:00,165
68,20240108,1,14,5,3,1,69,345000000,35262762,2024-01-08 10:00:00,2024-01-08 15:00:00,0
69,20241016,6,7,6,1,1,141,112800000,31135319,2024-10-16 17:00:00,2024-10-16 19:00:00,0
70,20240315,6,20,5,3,1,72,360000000,18312196,2024-03-15 19:00:00,2024-03-16 00:00:00,0
71,20241105,6,3,5,3,1,115,575000000,16422406,2024-11-05 14:00:00,2024-11-05 15:00:00,0
72,20240415,6,17,7,3,1,67,335000000,25549750,2024-04-15 18:00:00,2024-04-15 19:00:00,0
73,20240405,10,17,10,2,1,201,402000000,24963068,2024-04-05 11:00:00,2024-04-05 14:00:00,0
74,20240129,2,6,3,3,2,84,420000000,20413594,2024-01-29 13:00:00,2024-01-29 19:50:00,110
75,20240511,3,9,8,2,1,158,316000000,28373101,2024-05-11 18:00:00,2024-05-11 23:00:00,0
76,20240124,4,9,6,1,2,187,149600000,13580160,2024-01-24 14:00:00,2024-01-24 19:02:00,62
77,20240404,9,1,2,3,3,193,965000000,40522069,2024-04-04 08:00:00,2024-04-04 13:50:00,170
78,20241026,5,4,6,1,1,175,140000000,22320814,2024-10-26 15:00:00,2024-10-26 19:00:00,0
79,20240907,3,15,2,3,1,177,885000000,19357459,2024-09-07 17:00:00,2024-09-07 21:00:00,0
80,20241011,5,16,1,2,3,149,298000000,32398228,2024-10-11 08:00:00,2024-10-11 13:11:00,131
81,20240601,10,4,10,3,2,201,1005000000,45809952,2024-06-01 15:00:00,2024-06-01 21:34:00,94
82,20240920,4,1,2,3,1,93,465000000,16732197,2024-09-20 20:00:00,2024-09-21 01:00:00,0
83,20240403,10,5,9,3,1,150,750000000,37008287,2024-04-03 12:00:00,2024-04-03 13:00:00,0
84,20241201,8,17,2,2,3,219,438000000,22597720,2024-12-01 18:00:00,2024-12-01 20:31:00,91
85,20240529,1,12,4,3,3,103,515000000,24731086,2024-05-29 18:00:00,2024-05-29 22:00:00,60
86,20240325,2,6,8,2,3,178,356000000,20132364,2024-03-25 04:00:00,2024-03-25 06:59:00,119
87,20240701,4,1,1,3,3,101,505000000,24217733,2024-07-01 22:00:00,2024-07-02 03:32:00,152
88,20241026,5,20,6,3,3,196,980000000,32981178,2024-10-26 01:00:00,2024-10-26 04:16:00,76
89,20240827,7,6,4,2,1,57,114000000,13514966,2024-08-27 17:00:00,2024-08-27 18:00:00,0
90,20240331,1,10,8,1,3,98,78400000,34375137,2024-03-31 09:00:00,2024-03-31 15:31:00,91
91,20240322,10,11,8,2,1,150,300000000,37476971,2024-03-22 03:00:00,2024-03-22 08:00:00,0
92,20240906,8,18,5,3,1,76,380000000,23460595,2024-09-06 21:00:00,2024-09-07 00:00:00,0
93,20240424,6,9,3,3,1,56,280000000,31836973,2024-04-24 16:00:00,2024-04-24 17:00:00,0
94,20240708,4,13,9,2,3,167,334000000,29857991,2024-07-08 05:00:00,2024-07-08 10:25:00,85
95,20240830,8,19,1,1,3,189,151200000,48658242,2024-08-30 02:00:00,2024-08-30 08:15:00,75
96,20240603,9,1,3,3,3,107,535000000,23748022,2024-06-03 12:00:00,2024-06-03 16:28:00,148
97,20240527,8,7,2,1,3,75,60000000,33532958,2024-05-27 08:00:00,2024-05-27 11:12:00,132
98,20241222,4,17,2,3,2,108,540000000,40510949,2024-12-22 22:00:00,2024-12-23 03:22:00,22
99,20240223,10,12,8,2,1,51,102000000,44490700,2024-02-23 14:00:00,2024-02-23 18:00:00,0
100,20240114,10,19,6,3,3,81,405000000,14550898,2024-01-14 00:00:00,2024-01-14 03:59:00,119
101,20240315,6,13,2,3,3,103,515000000,34719503,2024-03-15 05:00:00,2024-03-15 11:04:00,124
102,20240324,2,8,2,3,2,108,540000000,37897357,2024-03-24 03:00:00,2024-03-24 07:48:00,48
103,20240920,8,17,6,2,2,186,372000000,39644353,2024-09-20 01:00:00,2024-09-20 04:42:00,102
104,20240718,9,11,7,3,2,158,790000000,13867783,2024-07-18 21:00:00,2024-07-18 23:54:00,114
105,20240928,6,4,4,3,3,95,475000000,41709915,2024-09-28 00:00:00,2024-09-28 06:44:00,164
106,20241125,1,5,2,3,3,70,350000000,47043831,2024-11-25 17:00:00,2024-11-26 00:18:00,138
107,20240211,6,6,4,1,1,56,44800000,28623147,2024-02-11 05:00:00,2024-02-11 07:00:00,0
108,20240114,6,20,8,3,2,104,520000000,10645182,2024-01-14 18:00:00,2024-01-14 21:18:00,18
109,20241211,4,14,9,1,1,98,78400000,22793359,2024-12-11 03:00:00,2024-12-11 04:00:00,0
110,20240316,3,2,10,2,3,192,384000000,48256828,2024-03-16 14:00:00,2024-03-16 19:11:00,71
111,20240315,10,18,5,2,2,85,170000000,25613265,2024-03-15 16:00:00,2024-03-15 20:18:00,78
112,20241019,8,3,2,2,3,53,106000000,12589424,2024-10-19 00:00:00,2024-10-19 05:16:00,76
113,20240401,4,13,10,3,3,168,840000000,40706967,2024-04-01 23:00:00,2024-04-02 03:21:00,141
114,20240918,8,16,8,1,1,131,104800000,43996037,2024-09-18 03:00:00,2024-09-18 06:00:00,0
115,20241120,5,15,9,1,3,88,70400000,47665041,2024-11-20 10:00:00,2024-11-20 12:58:00,118
116,20240712,4,1,5,3,1,91,455000000,44313676,2024-07-12 23:00:00,2024-07-13 04:00:00,0
117,20240121,10,12,3,1,2,69,55200000,29199877,2024-01-21 07:00:00,2024-01-21 09:33:00,93
118,20240327,2,9,7,1,3,59,47200000,22166138,2024-03-27 12:00:00,2024-03-27 15:56:00,176
119,20240722,4,7,10,2,1,204,408000000,47234526,2024-07-22 05:00:00,2024-07-22 10:00:00,0
120,20241003,2,14,1,3,2,85,425000000,31520334,2024-10-03 14:00:00,2024-10-03 18:12:00,12
121,20240321,3,20,7,1,1,71,56800000,11301862,2024-03-21 18:00:00,2024-03-21 19:00:00,0
122,20240909,2,6,9,1,1,100,80000000,40836046,2024-09-09 07:00:00,2024-09-09 12:00:00,0
123,20240126,5,7,3,1,1,114,91200000,20168214,2024-01-26 08:00:00,2024-01-26 11:00:00,0
124,20241207,5,14,8,2,1,142,284000000,22206546,2024-12-07 10:00:00,2024-12-07 11:00:00,0
125,20240802,6,10,3,2,1,51,102000000,27255363,2024-08-02 00:00:00,2024-08-02 04:00:00,0
126,20240524,3,2,10,3,2,179,895000000,15851216,2024-05-24 16:00:00,2024-05-24 21:56:00,56
127,20241210,10,20,5,2,2,82,164000000,45449934,2024-12-10 12:00:00,2024-12-10 14:57:00,57
128,20240206,5,13,4,2,1,71,142000000,46104839,2024-02-06 17:00:00,2024-02-06 18:00:00,0
129,20240815,1,10,6,3,2,67,335000000,42993107,2024-08-15 22:00:00,2024-08-16 01:15:00,75
130,20241210,4,7,10,2,2,96,192000000,41179973,2024-12-10 03:00:00,2024-12-10 08:13:00,73
131,20240324,2,5,7,2,1,89,178000000,42309182,2024-03-24 10:00:00,2024-03-24 15:00:00,0
132,20241011,1,8,8,3,3,120,600000000,49892589,2024-10-11 17:00:00,2024-10-11 22:03:00,63
133,20241121,9,2,1,1,2,172,137600000,45654079,2024-11-21 20:00:00,2024-11-22 02:38:00,98
134,20240130,9,19,6,1,3,119,95200000,44254114,2024-01-30 14:00:00,2024-01-30 21:08:00,128
135,20240322,3,2,6,2,2,194,388000000,10838843,2024-03-22 22:00:00,2024-03-23 03:48:00,48
136,20241223,5,15,10,2,1,161,322000000,16286650,2024-12-23 07:00:00,2024-12-23 12:00:00,0
137,20241019,9,19,1,1,2,141,112800000,41308859,2024-10-19 07:00:00,2024-10-19 10:37:00,97
138,20240222,1,12,7,3,3,109,545000000,35107616,2024-02-22 02:00:00,2024-02-22 05:46:00,106
139,20240712,2,1,8,3,3,138,690000000,17684789,2024-07-12 14:00:00,2024-07-12 19:48:00,168
140,20240523,6,10,9,3,1,167,835000000,20203849,2024-05-23 03:00:00,2024-05-23 06:00:00,0
141,20241008,10,20,1,1,1,169,135200000,40066207,2024-10-08 05:00:00,2024-10-08 09:00:00,0
142,20240421,6,7,1,3,3,205,1025000000,45944030,2024-04-21 18:00:00,2024-04-21 22:42:00,162
143,20240104,4,11,2,1,2,134,107200000,46687081,2024-01-04 21:00:00,2024-01-05 02:50:00,110
144,20241201,8,15,8,2,2,173,346000000,46928226,2024-12-01 10:00:00,2024-12-01 12:39:00,99
145,20240129,1,8,4,1,2,93,74400000,35528095,2024-01-29 08:00:00,2024-01-29 10:27:00,87
146,20240407,8,15,4,2,3,76,152000000,43244739,2024-04-07 18:00:00,2024-04-07 23:43:00,163
147,20240420,2,3,1,3,2,149,745000000,40925032,2024-04-20 00:00:00,2024-04-20 06:02:00,62
148,20240705,5,15,7,2,2,108,216000000,41503488,2024-07-05 15:00:00,2024-07-05 21:48:00,108
149,20241017,8,19,8,1,2,179,143200000,24739414,2024-10-17 04:00:00,2024-10-17 07:23:00,23
150,20240825,10,6,4,3,2,55,275000000,21628558,2024-08-25 16:00:00,2024-08-25 19:56:00,56
151,20240518,2,13,9,1,1,135,108000000,22444613,2024-05-18 10:00:00,2024-05-18 14:00:00,0
152,20241114,3,4,10,2,1,147,294000000,16930355,2024-11-14 07:00:00,2024-11-14 11:00:00,0
153,20240215,8,3,2,2,3,188,376000000,35382322,2024-02-15 06:00:00,2024-02-15 11:12:00,72
154,20240423,7,13,6,2,2,83,166000000,34703044,2024-04-23 14:00:00,2024-04-23 20:41:00,101
155,20240901,3,17,7,2,2,179,358000000,31496228,2024-09-01 23:00:00,2024-09-02 02:14:00,14
156,20240924,9,15,2,1,1,213,170400000,12319054,2024-09-24 09:00:00,2024-09-24 13:00:00,0
157,20240608,8,16,6,3,2,95,475000000,22143932,2024-06-08 14:00:00,2024-06-08 18:52:00,52
158,20240130,1,3,8,1,3,133,106400000,33071758,2024-01-30 02:00:00,2024-01-30 07:02:00,122
159,20240828,5,6,9,1,2,174,139200000,40485332,2024-08-28 17:00:00,2024-08-28 22:45:00,105
160,20240513,1,9,2,2,1,74,148000000,31174438,2024-05-13 22:00:00,2024-05-14 02:00:00,0
161,20240603,5,17,8,2,1,67,134000000,17787723,2024-06-03 14:00:00,2024-06-03 15:00:00,0
162,20240414,5,19,6,2,2,54,108000000,45347775,2024-04-14 02:00:00,2024-04-14 07:06:00,6
163,20240105,1,7,1,2,3,73,146000000,49502334,2024-01-05 16:00:00,2024-01-05 20:34:00,154
164,20240713,7,12,5,1,2,61,48800000,26517168,2024-07-13 00:00:00,2024-07-13 02:10:00,10
165,20240209,8,4,3,2,1,102,204000000,40689073,2024-02-09 03:00:00,2024-02-09 08:00:00,0
166,20240919,8,12,1,2,3,163,326000000,47296229,2024-09-19 07:00:00,2024-09-19 11:32:00,92
167,20240110,10,18,7,3,3,148,740000000,39175498,2024-01-10 16:00:00,2024-01-10 19:21:00,141
168,20240602,4,2,9,1,1,82,65600000,21268288,2024-06-02 11:00:00,2024-06-02 15:00:00,0
169,20241207,1,2,8,3,3,125,625000000,13853440,2024-12-07 18:00:00,2024-12-07 22:04:00,64
170,20240929,2,11,6,3,2,57,285000000,41830429,2024-09-29 21:00:00,2024-09-30 02:08:00,8
171,20241009,3,16,4,1,3,51,40800000,27557597,2024-10-09 02:00:00,2024-10-09 06:35:00,95
172,20240820,7,9,2,1,2,160,128000000,49091782,2024-08-20 19:00:00,2024-08-20 23:34:00,94
173,20241018,6,2,7,3,2,85,425000000,14249774,2024-10-18 01:00:00,2024-10-18 04:59:00,119
174,20240125,7,4,3,2,3,107,214000000,27265221,2024-01-25 20:00:00,2024-01-26 00:21:00,81
175,20241028,9,17,7,2,2,137,274000000,49124313,2024-10-28 03:00:00,2024-10-28 06:10:00,10
176,20240203,4,16,4,3,3,61,305000000,38377174,2024-02-03 12:00:00,2024-02-03 14:05:00,65
177,20241125,3,1,6,1,1,216,172800000,43316180,2024-11-25 05:00:00,2024-11-25 08:00:00,0
178,20241115,8,3,6,2,2,134,268000000,30705885,2024-11-15 19:00:00,2024-11-15 21:28:00,28
179,20240507,3,3,7,1,2,153,122400000,20126967,2024-05-07 22:00:00,2024-05-08 00:12:00,12
180,20240919,5,14,7,1,1,82,65600000,29188403,2024-09-19 06:00:00,2024-09-19 09:00:00,0
181,20241019,4,20,10,3,1,182,910000000,26501508,2024-10-19 23:00:00,2024-10-20 00:00:00,0
182,20240923,8,3,4,3,1,93,465000000,45787818,2024-09-23 09:00:00,2024-09-23 13:00:00,0
183,20240309,10,5,9,1,1,78,62400000,28190113,2024-03-09 07:00:00,2024-03-09 10:00:00,0
184,20240107,2,4,5,1,1,97,77600000,49501262,2024-01-07 05:00:00,2024-01-07 10:00:00,0
185,20241006,9,10,4,3,3,54,270000000,34392090,2024-10-06 02:00:00,2024-10-06 07:55:00,175
186,20240306,4,3,4,3,2,50,250000000,26244978,2024-03-06 10:00:00,2024-03-06 14:15:00,75
187,20241008,3,8,2,3,3,86,430000000,41814562,2024-10-08 02:00:00,2024-10-08 09:57:00,177
188,20240820,5,10,10,3,2,55,275000000,20673759,2024-08-20 17:00:00,2024-08-20 20:43:00,103
189,20240409,3,20,1,3,3,62,310000000,10855483,2024-04-09 05:00:00,2024-04-09 07:40:00,100
190,20240730,9,1,3,2,3,67,134000000,35701052,2024-07-30 16:00:00,2024-07-30 19:36:00,96
191,20240216,4,16,9,3,3,75,375000000,13069632,2024-02-16 07:00:00,2024-02-16 13:45:00,165
192,20240721,1,18,10,2,2,179,358000000,47878588,2024-07-21 05:00:00,2024-07-21 08:34:00,94
193,20240718,2,7,2,3,1,187,935000000,39002420,2024-07-18 05:00:00,2024-07-18 09:00:00,0
194,20240302,3,19,4,3,2,118,590000000,44943773,2024-03-02 23:00:00,2024-03-03 04:28:00,28
195,20240207,8,17,1,2,2,200,400000000,43588467,2024-02-07 08:00:00,2024-02-07 09:24:00,24
196,20241111,5,17,7,2,2,173,346000000,42851307,2024-11-11 06:00:00,2024-11-11 09:49:00,109
197,20240831,6,19,2,3,3,117,585000000,10512139,2024-08-31 09:00:00,2024-08-31 12:11:00,131
198,20241211,9,11,6,2,2,192,384000000,32262251,2024-12-11 07:00:00,2024-12-11 09:42:00,102
199,20240105,2,6,10,2,1,70,140000000,47011826,2024-01-05 20:00:00,2024-01-05 23:00:00,0
200,20240212,10,3,5,3,3,109,545000000,11499446,2024-02-12 12:00:00,2024-02-12 18:32:00,152
201,20241008,4,14,10,3,3,57,285000000,47404727,2024-10-08 10:00:00,2024-10-08 15:52:00,172
202,20240326,8,14,8,3,3,155,775000000,46812857,2024-03-26 23:00:00,2024-03-27 02:49:00,169
203,20240128,3,17,9,1,2,148,118400000,45444501,2024-01-28 20:00:00,2024-01-28 22:10:00,70
204,20240508,5,5,10,1,2,150,120000000,15294569,2024-05-08 13:00:00,2024-05-08 18:37:00,37
205,20240901,10,3,1,3,1,109,545000000,20084748,2024-09-01 18:00:00,2024-09-01 23:00:00,0
206,20240605,4,13,2,2,3,125,250000000,10288106,2024-06-05 22:00:00,2024-06-06 01:59:00,179
207,20241026,2,9,3,2,2,64,128000000,31379371,2024-10-26 06:00:00,2024-10-26 12:13:00,73
208,20240618,3,3,9,2,1,77,154000000,24031637,2024-06-18 02:00:00,2024-06-18 04:00:00,0
209,20240106,3,19,7,3,2,94,470000000,19191254,2024-01-06 17:00:00,2024-01-06 20:06:00,66
210,20240428,7,12,2,1,1,86,68800000,28947362,2024-04-28 15:00:00,2024-04-28 16:00:00,0
211,20240825,5,20,9,1,1,81,64800000,33775566,2024-08-25 15:00:00,2024-08-25 20:00:00,0
212,20240801,5,9,4,3,1,106,530000000,35551844,2024-08-01 16:00:00,2024-08-01 18:00:00,0
213,20240601,7,3,2,3,1,160,800000000,46605515,2024-06-01 22:00:00,2024-06-02 02:00:00,0
214,20240619,2,17,9,2,3,162,324000000,10690397,2024-06-19 19:00:00,2024-06-19 23:54:00,174
215,20240206,2,1,5,3,1,118,590000000,24516626,2024-02-06 05:00:00,2024-02-06 09:00:00,0
216,20241226,6,14,5,1,2,88,70400000,24549689,2024-12-26 06:00:00,2024-12-26 07:10:00,10
217,20241007,1,9,5,2,2,50,100000000,40612333,2024-10-07 12:00:00,2024-10-07 17:20:00,80
218,20241122,5,10,9,2,2,90,180000000,21968988,2024-11-22 10:00:00,2024-11-22 15:36:00,96
219,20240525,4,10,5,1,2,76,60800000,18512085,2024-05-25 20:00:00,2024-05-26 01:55:00,115
220,20240426,4,17,4,3,2,71,355000000,26590451,2024-04-26 11:00:00,2024-04-26 14:40:00,100
221,20240418,3,12,9,2,2,68,136000000,42031811,2024-04-18 18:00:00,2024-04-18 22:30:00,90
222,20240310,7,6,7,2,1,117,234000000,23236248,2024-03-10 23:00:00,2024-03-11 01:00:00,0
223,20240806,10,9,10,2,2,69,138000000,34982493,2024-08-06 01:00:00,2024-08-06 07:03:00,63
224,20241211,3,19,2,1,3,89,71200000,16606276,2024-12-11 11:00:00,2024-12-11 15:22:00,142
225,20240407,2,3,4,3,2,119,595000000,21863560,2024-04-07 13:00:00,2024-04-07 17:55:00,55
226,20240621,5,18,8,2,2,154,308000000,10780327,2024-06-21 21:00:00,2024-06-21 23:14:00,14
227,20240830,4,9,2,1,3,204,163200000,40754484,2024-08-30 18:00:00,2024-08-30 21:34:00,154
228,20240520,6,6,5,2,3,77,154000000,28759799,2024-05-20 18:00:00,2024-05-21 00:00:00,120
229,20240605,3,7,6,2,1,86,172000000,24299661,2024-06-05 22:00:00,2024-06-06 01:00:00,0
230,20240827,7,16,2,2,1,191,382000000,49526160,2024-08-27 21:00:00,2024-08-27 22:00:00,0
231,20241015,8,10,10,2,1,161,322000000,13860182,2024-10-15 15:00:00,2024-10-15 16:00:00,0
232,20241116,8,2,9,1,2,84,67200000,28456795,2024-11-16 10:00:00,2024-11-16 15:54:00,54
233,20240618,1,19,9,2,1,171,342000000,45150334,2024-06-18 19:00:00,2024-06-18 20:00:00,0
234,20240714,5,15,10,3,2,182,910000000,34687344,2024-07-14 01:00:00,2024-07-14 05:01:00,61
235,20240420,9,7,7,1,1,95,76000000,22100731,2024-04-20 07:00:00,2024-04-20 10:00:00,0
236,20240927,8,15,2,3,2,83,415000000,32336730,2024-09-27 08:00:00,2024-09-27 12:01:00,61
237,20241117,6,17,7,1,2,125,100000000,15456113,2024-11-17 04:00:00,2024-11-17 05:14:00,14
238,20240604,6,5,9,3,2,171,855000000,46332822,2024-06-04 00:00:00,2024-06-04 04:23:00,83
239,20240604,8,11,6,3,2,169,845000000,28186946,2024-06-04 14:00:00,2024-06-04 19:29:00,89
240,20240213,6,3,5,3,1,56,280000000,28347062,2024-02-13 05:00:00,2024-02-13 09:00:00,0
241,20240602,1,15,1,1,2,214,171200000,10781700,2024-06-02 16:00:00,2024-06-02 19:06:00,6
242,20241007,1,2,1,1,1,212,169600000,11824838,2024-10-07 01:00:00,2024-10-07 05:00:00,0
243,20240901,4,3,6,3,1,65,325000000,49749748,2024-09-01 11:00:00,2024-09-01 15:00:00,0
244,20240206,5,13,10,1,1,95,76000000,40911582,2024-02-06 20:00:00,2024-02-06 22:00:00,0
245,20240318,1,15,2,2,1,178,356000000,15423875,2024-03-18 10:00:00,2024-03-18 11:00:00,0
246,20240213,5,6,2,2,1,138,276000000,12153501,2024-02-13 16:00:00,2024-02-13 20:00:00,0
247,20241017,2,10,6,2,1,163,326000000,14232112,2024-10-17 21:00:00,2024-10-17 22:00:00,0
248,20240206,8,19,6,3,1,97,485000000,20019575,2024-02-06 11:00:00,2024-02-06 12:00:00,0
249,20241229,6,5,5,1,3,101,80800000,41991561,2024-12-29 06:00:00,2024-12-29 10:30:00,150
250,20240701,2,1,8,3,1,106,530000000,40804192,2024-07-01 22:00:00,2024-07-02 00:00:00,0
251,20240220,6,1,2,3,1,61,305000000,10470946,2024-02-20 15:00:00,2024-02-20 18:00:00,0
252,20241114,8,15,4,3,1,96,480000000,13112859,2024-11-14 07:00:00,2024-11-14 08:00:00,0
253,20240929,10,10,9,2,1,148,296000000,48623066,2024-09-29 16:00:00,2024-09-29 20:00:00,0
254,20241115,9,18,8,2,2,99,198000000,11827798,2024-11-15 23:00:00,2024-11-16 04:18:00,78
255,20240718,9,7,1,3,1,178,890000000,38626538,2024-07-18 13:00:00,2024-07-18 16:00:00,0
256,20240521,3,10,5,1,1,60,48000000,41638828,2024-05-21 21:00:00,2024-05-22 00:00:00,0
257,20240611,1,17,9,1,2,121,96800000,20003855,2024-06-11 16:00:00,2024-06-11 22:00:00,60
258,20241011,10,19,7,3,3,121,605000000,16282501,2024-10-11 16:00:00,2024-10-11 21:59:00,179
259,20240508,7,12,10,3,1,64,320000000,38348788,2024-05-08 16:00:00,2024-05-08 20:00:00,0
260,20241012,9,12,1,1,1,175,140000000,47162682,2024-10-12 19:00:00,2024-10-13 00:00:00,0
261,20240816,5,14,2,1,2,108,86400000,46427942,2024-08-16 00:00:00,2024-08-16 03:12:00,12
262,20240220,2,4,10,3,2,134,670000000,29941807,2024-02-20 06:00:00,2024-02-20 09:35:00,95
263,20240301,3,2,2,1,1,153,122400000,43983825,2024-03-01 21:00:00,2024-03-02 02:00:00,0
264,20240630,10,11,10,3,3,143,715000000,16524305,2024-06-30 15:00:00,2024-06-30 20:38:00,98
265,20240719,10,17,3,3,2,109,545000000,43467271,2024-07-19 00:00:00,2024-07-19 04:28:00,88
266,20240202,4,13,10,2,3,153,306000000,16339364,2024-02-02 12:00:00,2024-02-02 19:41:00,161
267,20241006,5,1,7,3,3,71,355000000,22494820,2024-10-06 18:00:00,2024-10-06 21:52:00,112
268,20240208,1,17,7,3,2,177,885000000,13296822,2024-02-08 01:00:00,2024-02-08 03:06:00,6
269,20240624,10,4,10,1,1,160,128000000,47797057,2024-06-24 09:00:00,2024-06-24 12:00:00,0
270,20240323,3,14,5,1,2,107,85600000,14589689,2024-03-23 14:00:00,2024-03-23 16:14:00,74
271,20241218,8,1,10,2,1,148,296000000,38005090,2024-12-18 15:00:00,2024-12-18 17:00:00,0
272,20241015,9,18,6,2,2,166,332000000,26856918,2024-10-15 18:00:00,2024-10-15 21:46:00,106
273,20240711,1,1,1,1,2,195,156000000,34899825,2024-07-11 12:00:00,2024-07-11 16:39:00,39
274,20240829,10,7,5,3,2,65,325000000,48569487,2024-08-29 10:00:00,2024-08-29 14:20:00,20
275,20240112,4,11,1,1,2,67,53600000,42109992,2024-01-12 02:00:00,2024-01-12 05:37:00,97
276,20240827,10,8,9,2,2,93,186000000,34820351,2024-08-27 02:00:00,2024-08-27 03:29:00,29
277,20240907,5,5,9,2,1,146,292000000,18115635,2024-09-07 20:00:00,2024-09-07 22:00:00,0
278,20241214,2,8,6,3,3,66,330000000,49574100,2024-12-14 08:00:00,2024-12-14 14:14:00,134
279,20240917,9,9,9,2,1,68,136000000,17473177,2024-09-17 03:00:00,2024-09-17 07:00:00,0
280,20240113,1,17,3,3,3,102,510000000,46981390,2024-01-13 10:00:00,2024-01-13 16:16:00,136
281,20240922,4,19,2,2,1,199,398000000,20919678,2024-09-22 04:00:00,2024-09-22 07:00:00,0
282,20240112,1,10,5,2,2,80,160000000,35097283,2024-01-12 19:00:00,2024-01-13 01:51:00,111
283,20240405,6,15,4,2,1,111,222000000,45443134,2024-04-05 12:00:00,2024-04-05 16:00:00,0
284,20241214,7,1,3,2,2,113,226000000,26309463,2024-12-14 23:00:00,2024-12-15 00:19:00,19
285,20240404,7,2,8,1,1,135,108000000,44498274,2024-04-04 23:00:00,2024-04-05 04:00:00,0
286,20241220,9,18,3,2,1,87,174000000,34857295,2024-12-20 12:00:00,2024-12-20 15:00:00,0
287,20240809,6,12,5,3,2,105,525000000,31081610,2024-08-09 08:00:00,2024-08-09 09:08:00,8
288,20240405,8,5,3,1,3,70,56000000,39319190,2024-04-05 17:00:00,2024-04-05 23:32:00,92
289,20241127,3,7,1,1,2,218,174400000,36102503,2024-11-27 16:00:00,2024-11-27 20:50:00,50
290,20240805,5,12,1,2,1,129,258000000,35017198,2024-08-05 04:00:00,2024-08-05 06:00:00,0
291,20240810,4,6,5,3,3,67,335000000,23585148,2024-08-10 07:00:00,2024-08-10 10:11:00,71
292,20240410,6,19,7,3,3,74,370000000,13223511,2024-04-10 01:00:00,2024-04-10 05:42:00,102
293,20241225,3,20,1,1,2,114,91200000,48252389,2024-12-25 01:00:00,2024-12-25 02:35:00,35
294,20240122,4,11,4,3,2,93,465000000,24222828,2024-01-22 02:00:00,2024-01-22 06:09:00,9
295,20241124,8,15,3,3,1,66,330000000,20967758,2024-11-24 10:00:00,2024-11-24 15:00:00,0
296,20240120,2,2,7,1,2,71,56800000,42392787,2024-01-20 01:00:00,2024-01-20 06:06:00,6
297,20240521,8,5,10,2,3,85,170000000,46321841,2024-05-21 18:00:00,2024-05-22 01:06:00,126
298,20241230,8,1,4,1,2,58,46400000,33749222,2024-12-30 15:00:00,2024-12-30 18:14:00,74
299,20240430,8,6,10,2,3,199,398000000,26299343,2024-04-30 02:00:00,2024-04-30 09:55:00,175
300,20240521,10,1,1,3,3,133,665000000,22669256,2024-05-21 05:00:00,2024-05-21 11:03:00,63
301,20240816,7,5,1,1,3,142,113600000,25853345,2024-08-16 22:00:00,2024-08-17 04:51:00,111
302,20240404,10,6,8,2,3,137,274000000,26254169,2024-04-04 01:00:00,2024-04-04 06:56:00,176
303,20240227,1,7,8,2,3,105,210000000,27098962,2024-02-27 19:00:00,2024-02-28 01:41:00,161
304,20241007,2,16,5,3,3,70,350000000,27014147,2024-10-07 10:00:00,2024-10-07 15:09:00,129
305,20240127,9,2,4,1,1,90,72000000,16405304,2024-01-27 10:00:00,2024-01-27 12:00:00,0
306,20240329,1,3,8,2,2,116,232000000,10455943,2024-03-29 12:00:00,2024-03-29 16:21:00,21
307,20241102,1,1,9,1,3,158,126400000,10561481,2024-11-02 23:00:00,2024-11-03 03:06:00,66
308,20240717,2,15,3,2,1,85,170000000,44630639,2024-07-17 01:00:00,2024-07-17 05:00:00,0
309,20240618,4,4,5,2,3,61,122000000,19972350,2024-06-18 18:00:00,2024-06-18 21:55:00,115
310,20240510,7,16,2,2,1,67,134000000,42806188,2024-05-10 18:00:00,2024-05-10 19:00:00,0
311,20240226,5,14,8,3,3,104,520000000,16210657,2024-02-26 23:00:00,2024-02-27 05:43:00,163
312,20241127,4,2,5,3,2,70,350000000,47227690,2024-11-27 08:00:00,2024-11-27 11:56:00,116
313,20241028,4,17,1,1,1,140,112000000,18587910,2024-10-28 11:00:00,2024-10-28 16:00:00,0
314,20240810,7,9,1,2,2,202,404000000,12545645,2024-08-10 22:00:00,2024-08-11 00:47:00,47
315,20241015,1,4,4,1,2,70,56000000,28814899,2024-10-15 08:00:00,2024-10-15 13:57:00,117
316,20240902,4,6,3,3,1,63,315000000,49881215,2024-09-02 06:00:00,2024-09-02 07:00:00,0
317,20240717,5,7,9,3,3,106,530000000,26121124,2024-07-17 05:00:00,2024-07-17 08:17:00,137
318,20241211,10,6,9,2,2,117,234000000,44376682,2024-12-11 11:00:00,2024-12-11 13:29:00,89
319,20241007,3,8,4,2,1,120,240000000,20623213,2024-10-07 05:00:00,2024-10-07 07:00:00,0
320,20240119,5,1,2,2,2,70,140000000,49174481,2024-01-19 16:00:00,2024-01-19 17:06:00,6
321,20240101,1,10,1,3,3,76,380000000,29427871,2024-01-01 23:00:00,2024-01-02 05:46:00,166
322,20240330,7,19,7,3,1,127,635000000,47858505,2024-03-30 07:00:00,2024-03-30 09:00:00,0
323,20240126,7,1,10,3,3,124,620000000,14284601,2024-01-26 22:00:00,2024-01-27 03:02:00,62
324,20240430,5,9,8,3,3,164,820000000,46052072,2024-04-30 07:00:00,2024-04-30 14:53:00,173
325,20240629,6,20,8,3,2,101,505000000,44270186,2024-06-29 17:00:00,2024-06-29 22:24:00,24
326,20240727,7,18,6,3,3,89,445000000,12646739,2024-07-27 01:00:00,2024-07-27 04:13:00,73
327,20240521,5,20,4,1,2,77,61600000,42286770,2024-05-21 20:00:00,2024-05-21 22:31:00,31
328,20240125,3,8,2,1,3,74,59200000,14593914,2024-01-25 14:00:00,2024-01-25 21:58:00,178
329,20241214,7,16,7,3,2,175,875000000,33128402,2024-12-14 17:00:00,2024-12-14 19:39:00,39
330,20241004,8,8,3,3,3,94,470000000,45300701,2024-10-04 07:00:00,2024-10-04 09:16:00,76
331,20240102,2,16,4,1,2,74,59200000,22343494,2024-01-02 08:00:00,2024-01-02 14:33:00,93
332,20240223,3,3,7,2,1,50,100000000,25598073,2024-02-23 15:00:00,2024-02-23 16:00:00,0
333,20240928,7,18,5,3,2,97,485000000,35741504,2024-09-28 13:00:00,2024-09-28 19:46:00,106
334,20240918,5,14,3,3,3,101,505000000,27698967,2024-09-18 05:00:00,2024-09-18 07:18:00,78
335,20241015,6,5,6,2,3,115,230000000,46179425,2024-10-15 04:00:00,2024-10-15 09:02:00,62
336,20241001,3,18,10,2,1,169,338000000,48119727,2024-10-01 10:00:00,2024-10-01 13:00:00,0
337,20241207,2,5,6,3,2,79,395000000,35463883,2024-12-07 03:00:00,2024-12-07 07:59:00,119
338,20240515,6,8,2,3,2,120,600000000,21357571,2024-05-15 09:00:00,2024-05-15 12:27:00,27
339,20240713,9,9,5,3,2,60,300000000,45863683,2024-07-13 00:00:00,2024-07-13 02:53:00,113
340,20240228,7,1,10,1,3,99,79200000,38795250,2024-02-28 17:00:00,2024-02-28 21:53:00,173
341,20240618,7,10,6,1,2,163,130400000,45598067,2024-06-18 13:00:00,2024-06-18 18:16:00,16
342,20240728,6,19,3,2,3,61,122000000,16067373,2024-07-28 01:00:00,2024-07-28 07:11:00,71
343,20240731,10,5,6,1,3,94,75200000,49224962,2024-07-31 21:00:00,2024-08-01 00:45:00,105
344,20240331,8,1,9,2,2,161,322000000,44796936,2024-03-31 08:00:00,2024-03-31 11:08:00,68
345,20241107,2,6,8,3,1,98,490000000,25025533,2024-11-07 06:00:00,2024-11-07 07:00:00,0
346,20240403,7,18,3,3,2,66,330000000,34687607,2024-04-03 15:00:00,2024-04-03 19:45:00,45
347,20240317,2,3,4,3,2,82,410000000,13092483,2024-03-17 08:00:00,2024-03-17 13:34:00,94
348,20240627,9,6,1,2,2,216,432000000,33726386,2024-06-27 20:00:00,2024-06-27 21:17:00,17
349,20240105,6,13,4,2,3,102,204000000,41289106,2024-01-05 14:00:00,2024-01-05 20:42:00,162
350,20240311,8,13,10,1,3,110,88000000,35711820,2024-03-11 04:00:00,2024-03-11 07:57:00,177
351,20240227,8,5,5,2,2,115,230000000,42850794,2024-02-27 00:00:00,2024-02-27 05:04:00,64
352,20241222,4,12,2,2,3,205,410000000,24194936,2024-12-22 21:00:00,2024-12-23 02:24:00,144
353,20241110,9,12,9,2,3,89,178000000,33072570,2024-11-10 17:00:00,2024-11-10 23:38:00,98
354,20240625,6,8,4,3,1,83,415000000,35146134,2024-06-25 13:00:00,2024-06-25 15:00:00,0
355,20241226,9,8,8,1,3,145,116000000,19812856,2024-12-26 20:00:00,2024-12-27 01:38:00,98
356,20240126,9,15,8,3,3,135,675000000,23483865,2024-01-26 06:00:00,2024-01-26 09:47:00,167
357,20241222,1,9,2,3,3,207,1035000000,42937656,2024-12-22 16:00:00,2024-12-22 19:18:00,78
358,20240226,8,13,9,1,2,164,131200000,18276680,2024-02-26 01:00:00,2024-02-26 05:56:00,116
359,20240317,10,3,2,3,2,117,585000000,41489316,2024-03-17 03:00:00,2024-03-17 07:19:00,79
360,20241202,7,16,2,1,2,199,159200000,18385756,2024-12-02 11:00:00,2024-12-02 14:44:00,44
361,20240910,3,12,5,2,2,61,122000000,19855228,2024-09-10 16:00:00,2024-09-10 20:43:00,103
362,20240109,8,12,7,3,3,155,775000000,13922048,2024-01-09 15:00:00,2024-01-09 20:49:00,169
363,20240618,7,14,5,2,2,82,164000000,49830516,2024-06-18 01:00:00,2024-06-18 06:16:00,76
364,20240415,8,6,9,2,3,164,328000000,48968445,2024-04-15 21:00:00,2024-04-16 03:38:00,98
365,20241222,4,18,2,1,1,95,76000000,13920723,2024-12-22 10:00:00,2024-12-22 12:00:00,0
366,20240129,2,5,3,2,3,116,232000000,44175338,2024-01-29 17:00:00,2024-01-29 22:48:00,168
367,20240927,9,16,2,3,2,184,920000000,12441435,2024-09-27 00:00:00,2024-09-27 03:17:00,17
368,20240213,4,13,8,1,1,53,42400000,15218527,2024-02-13 11:00:00,2024-02-13 13:00:00,0
369,20241219,7,16,3,3,3,95,475000000,13965845,2024-12-19 00:00:00,2024-12-19 03:02:00,122
370,20240331,8,19,5,3,3,68,340000000,46706666,2024-03-31 02:00:00,2024-03-31 06:13:00,73
371,20240123,7,13,9,2,3,147,294000000,41676709,2024-01-23 05:00:00,2024-01-23 08:16:00,76
372,20241102,5,20,1,1,1,211,168800000,21587487,2024-11-02 09:00:00,2024-11-02 10:00:00,0
373,20240426,7,16,9,3,3,75,375000000,45844196,2024-04-26 05:00:00,2024-04-26 07:31:00,91
374,20240802,2,8,1,1,1,108,86400000,46817198,2024-08-02 17:00:00,2024-08-02 22:00:00,0
375,20240919,6,9,2,3,1,95,475000000,48160227,2024-09-19 17:00:00,2024-09-19 18:00:00,0
376,20240529,5,7,10,1,1,142,113600000,14031309,2024-05-29 19:00:00,2024-05-29 21:00:00,0
377,20241208,7,11,4,3,2,92,460000000,45267136,2024-12-08 15:00:00,2024-12-08 18:18:00,18
378,20241208,3,8,8,3,1,165,825000000,10002072,2024-12-08 22:00:00,2024-12-09 00:00:00,0
379,20241012,4,1,7,1,2,163,130400000,27717599,2024-10-12 07:00:00,2024-10-12 10:47:00,107
380,20240622,4,3,8,1,2,103,82400000,15356170,2024-06-22 12:00:00,2024-06-22 18:00:00,60
381,20240906,9,1,8,3,2,134,670000000,26711245,2024-09-06 22:00:00,2024-09-07 02:00:00,60
382,20240328,5,1,7,3,2,86,430000000,10129409,2024-03-28 19:00:00,2024-03-28 22:21:00,21
383,20240301,1,17,3,1,1,115,92000000,10074459,2024-03-01 03:00:00,2024-03-01 08:00:00,0
384,20240520,1,9,5,3,3,78,390000000,33241594,2024-05-20 19:00:00,2024-05-20 21:41:00,101
385,20240514,3,7,10,2,2,151,302000000,18132001,2024-05-14 18:00:00,2024-05-14 20:35:00,35
386,20240730,7,6,1,2,2,105,210000000,20136890,2024-07-30 15:00:00,2024-07-30 16:19:00,19
387,20240406,4,10,9,3,2,87,435000000,48731341,2024-04-06 10:00:00,2024-04-06 11:45:00,45
388,20240620,8,19,7,2,3,162,324000000,14388379,2024-06-20 21:00:00,2024-06-21 03:17:00,137
389,20241201,10,19,5,3,3,53,265000000,38064347,2024-12-01 13:00:00,2024-12-01 19:36:00,156
390,20241022,9,20,4,3,1,105,525000000,19710362,2024-10-22 15:00:00,2024-10-22 18:00:00,0
391,20240118,8,5,3,2,2,105,210000000,15940076,2024-01-18 19:00:00,2024-01-18 22:35:00,95
392,20240809,7,2,8,3,1,61,305000000,49671878,2024-08-09 23:00:00,2024-08-10 04:00:00,0
393,20240131,6,16,4,2,3,87,174000000,46841099,2024-01-31 06:00:00,2024-01-31 12:49:00,109
394,20240903,8,20,7,2,3,152,304000000,39452753,2024-09-03 15:00:00,2024-09-03 20:38:00,98
395,20240516,4,14,3,1,1,97,77600000,21363923,2024-05-16 10:00:00,2024-05-16 15:00:00,0
396,20240425,1,5,3,1,2,62,49600000,10644450,2024-04-25 04:00:00,2024-04-25 08:28:00,88
397,20240915,2,16,4,3,3,84,420000000,39390052,2024-09-15 09:00:00,2024-09-15 16:54:00,174
398,20240105,4,11,9,3,2,164,820000000,11651150,2024-01-05 06:00:00,2024-01-05 08:59:00,119
399,20241207,10,19,10,1,2,109,87200000,27210044,2024-12-07 04:00:00,2024-12-07 09:37:00,97
400,20241031,3,9,1,2,3,91,182000000,21864213,2024-10-31 16:00:00,2024-10-31 23:19:00,139
401,20240615,1,7,8,2,2,106,212000000,35812800,2024-06-15 21:00:00,2024-06-16 02:42:00,102
402,20240709,1,12,9,1,2,162,129600000,40172734,2024-07-09 18:00:00,2024-07-09 23:24:00,24
403,20241213,10,6,5,1,1,106,84800000,11850887,2024-12-13 07:00:00,2024-12-13 12:00:00,0
404,20240121,7,3,1,2,3,196,392000000,48667041,2024-01-21 18:00:00,2024-01-22 01:09:00,129
405,20240415,4,13,5,2,3,109,218000000,26516549,2024-04-15 16:00:00,2024-04-15 18:20:00,80
406,20240213,2,3,3,2,1,85,170000000,46337729,2024-02-13 04:00:00,2024-02-13 08:00:00,0
407,20240706,3,10,2,3,2,75,375000000,15580560,2024-07-06 23:00:00,2024-07-07 03:59:00,119
408,20240628,1,7,4,2,3,110,220000000,17405029,2024-06-28 22:00:00,2024-06-29 03:15:00,135
409,20241206,8,10,2,1,3,96,76800000,43405108,2024-12-06 21:00:00,2024-12-06 23:44:00,104
410,20241008,4,2,5,3,2,97,485000000,10677209,2024-10-08 11:00:00,2024-10-08 17:38:00,98
411,20240124,5,14,1,2,3,188,376000000,13240163,2024-01-24 22:00:00,2024-01-25 02:08:00,128
412,20241013,10,7,6,1,1,92,73600000,32281481,2024-10-13 21:00:00,2024-10-14 02:00:00,0
413,20240928,4,13,2,3,3,178,890000000,33249768,2024-09-28 12:00:00,2024-09-28 16:34:00,154
414,20240821,8,13,10,2,2,121,242000000,10273967,2024-08-21 10:00:00,2024-08-21 14:31:00,91
415,20240323,3,18,10,2,1,84,168000000,14200362,2024-03-23 05:00:00,2024-03-23 08:00:00,0
416,20240824,6,10,3,1,1,67,53600000,22764348,2024-08-24 01:00:00,2024-08-24 04:00:00,0
417,20240828,4,12,2,1,3,98,78400000,12508691,2024-08-28 04:00:00,2024-08-28 11:46:00,166
418,20240412,10,17,6,3,2,117,585000000,10604250,2024-04-12 00:00:00,2024-04-12 05:28:00,28
419,20240828,1,1,3,1,2,111,88800000,24384306,2024-08-28 23:00:00,2024-08-29 04:47:00,107
420,20240423,10,6,5,2,1,84,168000000,30805747,2024-04-23 05:00:00,2024-04-23 06:00:00,0
421,20240309,5,16,4,3,2,54,270000000,32833728,2024-03-09 06:00:00,2024-03-09 09:29:00,89
422,20240301,1,16,4,2,3,104,208000000,40449128,2024-03-01 02:00:00,2024-03-01 09:04:00,124
423,20240509,6,1,6,3,1,84,420000000,23538546,2024-05-09 15:00:00,2024-05-09 16:00:00,0
424,20240112,8,2,1,1,3,75,60000000,34369337,2024-01-12 10:00:00,2024-01-12 15:05:00,65
425,20240901,4,17,1,1,2,87,69600000,45593886,2024-09-01 07:00:00,2024-09-01 09:59:00,59
426,20240722,8,18,8,3,3,71,355000000,47777822,2024-07-22 14:00:00,2024-07-22 21:05:00,125
427,20241002,5,19,1,3,1,167,835000000,32284551,2024-10-02 04:00:00,2024-10-02 05:00:00,0
428,20240205,5,3,3,2,2,96,192000000,39792135,2024-02-05 22:00:00,2024-02-06 03:45:00,45
429,20240615,6,14,2,1,1,194,155200000,26223568,2024-06-15 10:00:00,2024-06-15 15:00:00,0
430,20241016,6,19,7,1,1,115,92000000,32383176,2024-10-16 06:00:00,2024-10-16 09:00:00,0
431,20241118,10,3,4,3,2,79,395000000,26375388,2024-11-18 02:00:00,2024-11-18 04:26:00,26
432,20240509,10,12,1,2,1,198,396000000,21466447,2024-05-09 11:00:00,2024-05-09 14:00:00,0
433,20240708,3,9,3,1,3,71,56800000,40267634,2024-07-08 12:00:00,2024-07-08 18:39:00,99
434,20241209,10,6,4,2,1,61,122000000,12841186,2024-12-09 00:00:00,2024-12-09 01:00:00,0
435,20241215,3,15,5,1,3,61,48800000,48556944,2024-12-15 05:00:00,2024-12-15 08:45:00,105
436,20240531,6,18,3,1,1,77,61600000,48663052,2024-05-31 10:00:00,2024-05-31 14:00:00,0
437,20240928,5,9,1,3,2,73,365000000,17044700,2024-09-28 14:00:00,2024-09-28 19:41:00,41
438,20240513,9,1,7,2,3,153,306000000,28321138,2024-05-13 11:00:00,2024-05-13 17:05:00,125
439,20240312,9,3,8,2,2,88,176000000,46664461,2024-03-12 19:00:00,2024-03-12 21:17:00,77
440,20240605,9,5,8,3,1,107,535000000,48435817,2024-06-05 07:00:00,2024-06-05 08:00:00,0
441,20240710,9,1,8,3,2,61,305000000,26193889,2024-07-10 07:00:00,2024-07-10 09:13:00,73
442,20240302,2,4,8,1,3,162,129600000,31376078,2024-03-02 03:00:00,2024-03-02 06:48:00,108
443,20240220,2,19,7,3,1,75,375000000,27105125,2024-02-20 03:00:00,2024-02-20 07:00:00,0
444,20241009,9,15,7,1,3,86,68800000,39109689,2024-10-09 08:00:00,2024-10-09 12:45:00,105
445,20240108,8,1,8,1,1,72,57600000,38664197,2024-01-08 07:00:00,2024-01-08 12:00:00,0
446,20240204,9,11,7,2,3,57,114000000,11924113,2024-02-04 01:00:00,2024-02-04 08:35:00,155
447,20240717,7,7,9,3,2,152,760000000,48175736,2024-07-17 13:00:00,2024-07-17 15:40:00,100
448,20240116,8,6,5,3,2,119,595000000,24572322,2024-01-16 02:00:00,2024-01-16 07:58:00,58
449,20240123,6,5,4,1,2,95,76000000,29911453,2024-01-23 03:00:00,2024-01-23 07:52:00,112
450,20241216,4,9,9,2,3,167,334000000,19706802,2024-12-16 05:00:00,2024-12-16 11:32:00,92
451,20241222,3,4,6,3,1,199,995000000,31294916,2024-12-22 09:00:00,2024-12-22 12:00:00,0
452,20241120,2,4,4,1,1,97,77600000,42366626,2024-11-20 05:00:00,2024-11-20 09:00:00,0
453,20241114,6,15,10,2,2,191,382000000,35108130,2024-11-14 12:00:00,2024-11-14 17:31:00,91
454,20240919,2,4,5,2,1,74,148000000,49789718,2024-09-19 13:00:00,2024-09-19 17:00:00,0
455,20240430,2,11,9,1,1,71,56800000,17698389,2024-04-30 17:00:00,2024-04-30 18:00:00,0
456,20240828,7,13,10,1,2,179,143200000,36855207,2024-08-28 07:00:00,2024-08-28 12:35:00,35
457,20240609,4,10,1,3,1,116,580000000,31945133,2024-06-09 12:00:00,2024-06-09 17:00:00,0
458,20240323,4,14,10,1,1,205,164000000,16392764,2024-03-23 20:00:00,2024-03-23 22:00:00,0
459,20240720,6,16,6,1,3,146,116800000,24158295,2024-07-20 06:00:00,2024-07-20 08:33:00,93
460,20240730,1,2,10,1,3,112,89600000,12781109,2024-07-30 20:00:00,2024-07-31 02:34:00,94
461,20240229,5,17,4,1,3,77,61600000,28518805,2024-02-29 20:00:00,2024-03-01 00:05:00,125
462,20241224,5,15,5,1,2,54,43200000,41668106,2024-12-24 15:00:00,2024-12-24 20:26:00,86
463,20241105,3,18,10,1,3,200,160000000,43844099,2024-11-05 06:00:00,2024-11-05 12:23:00,83
464,20240605,5,4,6,2,1,153,306000000,17509982,2024-06-05 12:00:00,2024-06-05 17:00:00,0
465,20240203,1,1,9,3,3,68,340000000,41730930,2024-02-03 16:00:00,2024-02-03 18:37:00,97
466,20241010,5,7,3,2,3,100,200000000,22361051,2024-10-10 10:00:00,2024-10-10 15:20:00,80
467,20241119,6,7,1,2,3,81,162000000,16295951,2024-11-19 19:00:00,2024-11-20 00:29:00,89
468,20240315,5,20,1,3,1,54,270000000,43419077,2024-03-15 03:00:00,2024-03-15 07:00:00,0
469,20240117,8,11,8,2,3,108,216000000,39268125,2024-01-17 15:00:00,2024-01-17 20:14:00,134
470,20241225,6,20,10,3,1,194,970000000,38655540,2024-12-25 21:00:00,2024-12-26 00:00:00,0
471,20240823,5,14,5,3,1,114,570000000,24103015,2024-08-23 06:00:00,2024-08-23 10:00:00,0
472,20240415,2,14,7,3,2,67,335000000,26283888,2024-04-15 07:00:00,2024-04-15 09:31:00,31
473,20240619,7,19,7,3,1,91,455000000,37756983,2024-06-19 22:00:00,2024-06-20 00:00:00,0
474,20240522,10,11,3,1,3,112,89600000,22253840,2024-05-22 21:00:00,2024-05-23 02:47:00,107
475,20240505,5,10,2,2,2,172,344000000,29815594,2024-05-05 16:00:00,2024-05-05 18:15:00,15
476,20240819,10,4,6,2,2,124,248000000,12015079,2024-08-19 18:00:00,2024-08-19 20:44:00,44
477,20240315,8,5,7,1,3,111,88800000,49933858,2024-03-15 11:00:00,2024-03-15 13:32:00,92
478,20241224,7,12,8,1,2,118,94400000,30972695,2024-12-24 17:00:00,2024-12-24 20:53:00,113
479,20240522,10,8,7,1,3,109,87200000,27363351,2024-05-22 11:00:00,2024-05-22 14:10:00,70
480,20240506,5,8,8,3,2,101,505000000,13141514,2024-05-06 05:00:00,2024-05-06 10:26:00,26
481,20241130,9,2,5,1,1,98,78400000,22216755,2024-11-30 16:00:00,2024-11-30 18:00:00,0
482,20241201,6,15,8,1,1,52,41600000,33908956,2024-12-01 08:00:00,2024-12-01 12:00:00,0
483,20241221,7,17,10,2,3,59,118000000,24056506,2024-12-21 01:00:00,2024-12-21 06:04:00,124
484,20241126,3,10,4,3,2,104,520000000,47352274,2024-11-26 19:00:00,2024-11-26 21:51:00,51
485,20241008,6,7,9,2,3,143,286000000,32223121,2024-10-08 20:00:00,2024-10-08 23:38:00,158
486,20240817,10,16,5,3,2,82,410000000,49937318,2024-08-17 12:00:00,2024-08-17 14:05:00,5
487,20240127,6,19,7,3,3,121,605000000,20616657,2024-01-27 04:00:00,2024-01-27 09:06:00,126
488,20240827,9,7,9,2,2,64,128000000,36011440,2024-08-27 19:00:00,2024-08-28 00:13:00,13
489,20241126,2,11,5,2,1,83,166000000,44334331,2024-11-26 01:00:00,2024-11-26 02:00:00,0
490,20240521,10,4,4,1,1,76,60800000,42987945,2024-05-21 22:00:00,2024-05-22 02:00:00,0
491,20240529,2,14,3,3,2,90,450000000,13360388,2024-05-29 02:00:00,2024-05-29 05:39:00,39
492,20241121,2,9,7,3,2,164,820000000,42442221,2024-11-21 18:00:00,2024-11-21 22:13:00,73
493,20241116,3,12,4,2,1,103,206000000,46285886,2024-11-16 09:00:00,2024-11-16 14:00:00,0
494,20240111,7,20,2,1,1,199,159200000,32994696,2024-01-11 23:00:00,2024-01-12 04:00:00,0
495,20240905,4,10,9,1,3,172,137600000,47925079,2024-09-05 17:00:00,2024-09-05 21:38:00,98
496,20240201,3,13,2,3,2,196,980000000,13875484,2024-02-01 23:00:00,2024-02-02 02:34:00,34
497,20241006,2,16,8,2,1,152,304000000,19517944,2024-10-06 04:00:00,2024-10-06 06:00:00,0
498,20241225,7,18,2,1,3,177,141600000,19475159,2024-12-25 12:00:00,2024-12-25 17:16:00,136
499,20240614,10,15,5,3,3,71,355000000,43351201,2024-06-14 14:00:00,2024-06-14 18:21:00,141
500,20240721,3,9,8,2,3,119,238000000,31253763,2024-07-21 11:00:00,2024-07-21 17:02:00,62
501,20241202,8,3,10,3,3,78,390000000,23993330,2024-12-02 04:00:00,2024-12-02 08:31:00,91
502,20240114,7,13,6,3,1,90,450000000,37794514,2024-01-14 03:00:00,2024-01-14 06:00:00,0
503,20241017,2,12,9,2,2,139,278000000,31452203,2024-10-17 04:00:00,2024-10-17 07:47:00,107
504,20240812,8,19,10,1,3,77,61600000,42442794,2024-08-12 09:00:00,2024-08-12 12:01:00,121
505,20240302,7,4,8,1,1,104,83200000,23331783,2024-03-02 02:00:00,2024-03-02 03:00:00,0
506,20240220,5,14,9,2,1,64,128000000,33977969,2024-02-20 07:00:00,2024-02-20 12:00:00,0
507,20240702,3,4,2,1,1,148,118400000,10797366,2024-07-02 05:00:00,2024-07-02 10:00:00,0
508,20240319,8,16,5,2,2,61,122000000,23479209,2024-03-19 21:00:00,2024-03-19 23:18:00,78
509,20240317,9,2,9,1,3,112,89600000,12089848,2024-03-17 11:00:00,2024-03-17 17:00:00,120
510,20240602,4,14,7,2,3,109,218000000,31709388,2024-06-02 20:00:00,2024-06-03 00:23:00,143
511,20240225,7,13,3,1,2,72,57600000,33291534,2024-02-25 09:00:00,2024-02-25 14:57:00,57
512,20240531,8,5,1,3,3,196,980000000,33627821,2024-05-31 02:00:00,2024-05-31 05:51:00,171
513,20241118,3,20,1,2,3,125,250000000,42226682,2024-11-18 04:00:00,2024-11-18 09:53:00,113
514,20240419,9,6,4,1,1,110,88000000,43036166,2024-04-19 06:00:00,2024-04-19 11:00:00,0
515,20240405,9,17,8,2,2,174,348000000,38951511,2024-04-05 05:00:00,2024-04-05 06:18:00,18
516,20240129,8,18,1,1,3,207,165600000,38172402,2024-01-29 20:00:00,2024-01-29 22:41:00,101
517,20241101,7,16,9,2,1,104,208000000,10030518,2024-11-01 22:00:00,2024-11-02 03:00:00,0
518,20240719,2,3,9,1,1,53,42400000,10592105,2024-07-19 10:00:00,2024-07-19 13:00:00,0
519,20241024,10,1,8,3,2,130,650000000,23151696,2024-10-24 08:00:00,2024-10-24 11:50:00,50
520,20240201,4,11,7,1,3,109,87200000,38360496,2024-02-01 17:00:00,2024-02-01 20:53:00,173
521,20240917,3,18,6,3,2,162,810000000,10933792,2024-09-17 17:00:00,2024-09-17 19:57:00,57
522,20240320,6,15,3,3,2,62,310000000,36643314,2024-03-20 15:00:00,2024-03-20 17:59:00,59
523,20240510,9,3,3,3,3,73,365000000,18894093,2024-05-10 03:00:00,2024-05-10 05:52:00,112
524,20241113,2,6,7,1,3,121,96800000,16514095,2024-11-13 04:00:00,2024-11-13 11:11:00,131
525,20240122,7,16,9,3,2,57,285000000,12270982,2024-01-22 03:00:00,2024-01-22 09:33:00,93
526,20241107,3,7,8,3,3,152,760000000,14983060,2024-11-07 22:00:00,2024-11-08 04:23:00,83
527,20240229,4,7,8,3,3,127,635000000,45021857,2024-02-29 16:00:00,2024-02-29 22:06:00,126
528,20240712,9,4,4,2,3,75,150000000,46879934,2024-07-12 12:00:00,2024-07-12 18:20:00,140
529,20240429,1,10,8,3,1,59,295000000,11429402,2024-04-29 04:00:00,2024-04-29 06:00:00,0
530,20240621,4,2,9,1,2,158,126400000,42462342,2024-06-21 02:00:00,2024-06-21 06:16:00,16
531,20240507,8,14,2,2,3,181,362000000,41024693,2024-05-07 15:00:00,2024-05-07 18:21:00,81
532,20241019,9,15,5,2,3,110,220000000,46101159,2024-10-19 20:00:00,2024-10-20 00:05:00,65
533,20240711,8,20,10,2,3,163,326000000,18075908,2024-07-11 02:00:00,2024-07-11 08:19:00,139
534,20241222,5,5,2,1,3,94,75200000,25774599,2024-12-22 07:00:00,2024-12-22 13:43:00,103
535,20241218,4,8,5,3,3,114,570000000,49190227,2024-12-18 22:00:00,2024-12-19 02:02:00,122
536,20240208,4,7,10,1,1,108,86400000,35239374,2024-02-08 12:00:00,2024-02-08 13:00:00,0
537,20240915,7,19,6,1,1,76,60800000,31874364,2024-09-15 17:00:00,2024-09-15 22:00:00,0
538,20240225,10,1,1,2,3,166,332000000,16797730,2024-02-25 12:00:00,2024-02-25 16:59:00,119
539,20240617,5,19,2,2,3,53,106000000,34815317,2024-06-17 22:00:00,2024-06-18 02:23:00,83
540,20240524,3,8,4,1,2,91,72800000,31538286,2024-05-24 10:00:00,2024-05-24 13:29:00,29
541,20240101,7,7,4,1,2,78,62400000,23943820,2024-01-01 20:00:00,2024-01-02 00:01:00,61
542,20240323,10,11,3,1,2,77,61600000,14737789,2024-03-23 15:00:00,2024-03-23 18:54:00,114
543,20240910,8,4,2,2,3,76,152000000,37667867,2024-09-10 11:00:00,2024-09-10 17:57:00,117
544,20241107,2,19,10,1,1,217,173600000,33143802,2024-11-07 20:00:00,2024-11-07 23:00:00,0
545,20241103,2,16,1,1,2,147,117600000,38742423,2024-11-03 20:00:00,2024-11-04 01:11:00,11
546,20241230,8,8,8,2,3,175,350000000,31453987,2024-12-30 21:00:00,2024-12-31 03:36:00,156
547,20241205,6,20,9,2,1,103,206000000,15426397,2024-12-05 02:00:00,2024-12-05 06:00:00,0
548,20240511,6,18,10,3,3,94,470000000,38668751,2024-05-11 10:00:00,2024-05-11 15:35:00,155
549,20241013,6,20,6,3,1,92,460000000,35884635,2024-10-13 01:00:00,2024-10-13 05:00:00,0
550,20240827,8,18,1,3,3,152,760000000,41060916,2024-08-27 18:00:00,2024-08-28 01:16:00,136
551,20241224,3,8,5,2,3,114,228000000,26308317,2024-12-24 00:00:00,2024-12-24 03:02:00,62
552,20240323,2,2,3,1,2,75,60000000,37648326,2024-03-23 00:00:00,2024-03-23 02:39:00,99
553,20241108,4,20,2,1,1,148,118400000,11836340,2024-11-08 14:00:00,2024-11-08 17:00:00,0
554,20240429,10,9,5,3,1,93,465000000,42794595,2024-04-29 12:00:00,2024-04-29 13:00:00,0
555,20240101,6,1,4,1,2,76,60800000,40144439,2024-01-01 19:00:00,2024-01-02 00:20:00,20
556,20240603,5,4,2,2,2,75,150000000,46417730,2024-06-03 12:00:00,2024-06-03 16:27:00,27
557,20240628,2,19,8,2,2,111,222000000,37946537,2024-06-28 23:00:00,2024-06-29 04:48:00,108
558,20241116,2,19,3,1,1,62,49600000,20173248,2024-11-16 13:00:00,2024-11-16 18:00:00,0
559,20240921,7,13,1,3,2,102,510000000,40053853,2024-09-21 19:00:00,2024-09-21 22:24:00,84
560,20240726,9,9,5,1,3,73,58400000,21141612,2024-07-26 01:00:00,2024-07-26 06:01:00,121
561,20240913,3,5,2,3,3,160,800000000,40991225,2024-09-13 00:00:00,2024-09-13 05:22:00,142
562,20241024,9,6,2,3,1,177,885000000,37379739,2024-10-24 08:00:00,2024-10-24 13:00:00,0
563,20240423,8,12,3,1,3,82,65600000,15441881,2024-04-23 02:00:00,2024-04-23 06:44:00,164
564,20240915,5,3,4,3,2,92,460000000,40880035,2024-09-15 10:00:00,2024-09-15 14:47:00,107
565,20240331,1,3,1,2,2,176,352000000,33890536,2024-03-31 14:00:00,2024-03-31 16:28:00,88
566,20241127,1,17,8,1,3,141,112800000,15554055,2024-11-27 05:00:00,2024-11-27 07:41:00,101
567,20240321,6,19,9,1,2,59,47200000,18440275,2024-03-21 20:00:00,2024-03-22 02:03:00,63
568,20240123,10,18,5,1,2,64,51200000,11785566,2024-01-23 18:00:00,2024-01-23 20:43:00,103
569,20241130,8,4,8,2,2,175,350000000,49867517,2024-11-30 05:00:00,2024-11-30 10:21:00,21
570,20240117,3,14,3,1,1,90,72000000,24044985,2024-01-17 10:00:00,2024-01-17 12:00:00,0
571,20240521,6,16,1,2,3,214,428000000,36890915,2024-05-21 21:00:00,2024-05-22 01:25:00,85
572,20240826,5,15,10,2,3,135,270000000,29856631,2024-08-26 11:00:00,2024-08-26 17:05:00,125
573,20240810,7,11,3,1,2,76,60800000,40818946,2024-08-10 09:00:00,2024-08-10 11:45:00,105
574,20240706,6,12,3,1,1,95,76000000,47048993,2024-07-06 02:00:00,2024-07-06 06:00:00,0
575,20240222,10,3,6,1,2,123,98400000,14603075,2024-02-22 08:00:00,2024-02-22 14:00:00,120
576,20240904,4,17,1,3,3,212,1060000000,34242161,2024-09-04 19:00:00,2024-09-05 00:01:00,121
577,20240119,3,15,9,2,2,93,186000000,12900824,2024-01-19 19:00:00,2024-01-19 21:05:00,65
578,20240120,10,10,2,3,1,140,700000000,46306929,2024-01-20 22:00:00,2024-01-21 00:00:00,0
579,20240630,8,9,3,3,3,87,435000000,20199489,2024-06-30 17:00:00,2024-06-30 19:20:00,80
580,20240523,2,15,7,2,2,96,192000000,39690661,2024-05-23 20:00:00,2024-05-23 22:30:00,90
581,20240728,6,15,4,3,2,91,455000000,32382427,2024-07-28 02:00:00,2024-07-28 05:09:00,9
582,20240722,10,14,10,2,2,58,116000000,36290305,2024-07-22 06:00:00,2024-07-22 09:07:00,67
583,20240516,7,9,4,2,2,50,100000000,33419185,2024-05-16 04:00:00,2024-05-16 07:20:00,80
584,20240804,7,6,4,2,2,51,102000000,31804681,2024-08-04 02:00:00,2024-08-04 08:06:00,66
585,20240128,3,14,4,2,2,96,192000000,17819492,2024-01-28 07:00:00,2024-01-28 13:31:00,91
586,20240708,8,18,7,1,2,117,93600000,39680588,2024-07-08 17:00:00,2024-07-08 21:19:00,19
587,20240720,3,8,8,1,1,89,71200000,11716382,2024-07-20 13:00:00,2024-07-20 16:00:00,0
588,20240724,7,10,8,2,3,116,232000000,23113626,2024-07-24 11:00:00,2024-07-24 17:06:00,126
589,20240302,6,14,10,1,3,106,84800000,36641869,2024-03-02 00:00:00,2024-03-02 06:19:00,79
590,20240515,6,12,6,2,3,77,154000000,42246921,2024-05-15 01:00:00,2024-05-15 06:02:00,122
591,20241121,6,8,1,1,3,143,114400000,37478003,2024-11-21 09:00:00,2024-11-21 12:46:00,106
592,20240627,1,5,6,2,1,76,152000000,29249368,2024-06-27 20:00:00,2024-06-28 00:00:00,0
593,20240426,2,14,8,2,3,120,240000000,38256449,2024-04-26 01:00:00,2024-04-26 05:31:00,91
594,20240118,7,17,10,2,3,65,130000000,45938967,2024-01-18 16:00:00,2024-01-18 22:25:00,85
595,20240719,9,6,3,2,3,115,230000000,29498406,2024-07-19 05:00:00,2024-07-19 08:49:00,109
596,20240211,1,19,2,3,1,204,1020000000,12103480,2024-02-11 08:00:00,2024-02-11 10:00:00,0
597,20241210,8,9,10,2,1,198,396000000,18077749,2024-12-10 10:00:00,2024-12-10 14:00:00,0
598,20240921,2,8,5,1,2,117,93600000,19027488,2024-09-21 06:00:00,2024-09-21 11:29:00,29
599,20240717,4,8,3,3,3,74,370000000,26558014,2024-07-17 18:00:00,2024-07-18 01:06:00,126
600,20241125,5,4,7,2,1,157,314000000,39314634,2024-11-25 21:00:00,2024-11-26 01:00:00,0
601,20240827,6,17,10,2,1,187,374000000,13713369,2024-08-27 19:00:00,2024-08-27 21:00:00,0
602,20240508,7,4,3,3,1,68,340000000,23950493,2024-05-08 18:00:00,2024-05-08 20:00:00,0
603,20241227,8,13,3,1,3,72,57600000,15947174,2024-12-27 17:00:00,2024-12-27 19:02:00,62
604,20240925,1,7,9,2,3,159,318000000,17239487,2024-09-25 17:00:00,2024-09-25 23:11:00,131
605,20240316,5,13,10,3,2,61,305000000,13207658,2024-03-16 20:00:00,2024-03-17 00:00:00,120
606,20240106,1,11,9,2,3,71,142000000,37633347,2024-01-06 12:00:00,2024-01-06 18:09:00,129
607,20240506,2,14,9,1,3,151,120800000,12646569,2024-05-06 12:00:00,2024-05-06 16:42:00,102
608,20240312,3,1,5,1,3,55,44000000,31263468,2024-03-12 14:00:00,2024-03-12 16:34:00,94
609,20240101,4,16,3,3,2,66,330000000,29064417,2024-01-01 06:00:00,2024-01-01 11:05:00,65
610,20240914,9,5,6,2,3,150,300000000,43719851,2024-09-14 10:00:00,2024-09-14 14:44:00,164
611,20240531,1,7,8,3,3,147,735000000,11352437,2024-05-31 08:00:00,2024-05-31 14:51:00,111
612,20240129,4,9,7,3,2,177,885000000,37931196,2024-01-29 21:00:00,2024-01-30 00:33:00,93
613,20240802,2,1,7,2,2,112,224000000,24078685,2024-08-02 02:00:00,2024-08-02 04:30:00,90
614,20240919,4,4,6,2,2,157,314000000,15192383,2024-09-19 20:00:00,2024-09-19 23:18:00,78
615,20240421,10,20,6,3,1,73,365000000,10151643,2024-04-21 23:00:00,2024-04-22 01:00:00,0
616,20240806,8,17,4,1,2,103,82400000,47784757,2024-08-06 21:00:00,2024-08-07 01:56:00,116
617,20240325,2,19,7,2,3,52,104000000,20292098,2024-03-25 23:00:00,2024-03-26 02:08:00,128
618,20240710,9,5,1,2,3,62,124000000,36024124,2024-07-10 08:00:00,2024-07-10 12:00:00,60
619,20241024,4,15,9,2,3,125,250000000,13048099,2024-10-24 21:00:00,2024-10-24 23:50:00,110
620,20240602,8,8,7,2,2,113,226000000,10063029,2024-06-02 08:00:00,2024-06-02 10:09:00,69
621,20240606,4,4,7,1,2,119,95200000,18811169,2024-06-06 12:00:00,2024-06-06 16:38:00,38
622,20240630,10,8,2,2,1,71,142000000,14676022,2024-06-30 14:00:00,2024-06-30 18:00:00,0
623,20241001,4,8,8,1,2,142,113600000,39739522,2024-10-01 05:00:00,2024-10-01 10:48:00,108
624,20240409,8,10,5,2,1,64,128000000,20525064,2024-04-09 17:00:00,2024-04-09 22:00:00,0
625,20241113,6,19,1,1,3,201,160800000,30023919,2024-11-13 16:00:00,2024-11-13 19:12:00,132
626,20240524,10,8,6,2,1,142,284000000,37473108,2024-05-24 11:00:00,2024-05-24 16:00:00,0
627,20240702,4,12,1,3,3,160,800000000,22739254,2024-07-02 13:00:00,2024-07-02 19:36:00,96
628,20240131,4,3,1,1,3,131,104800000,11065754,2024-01-31 13:00:00,2024-01-31 20:01:00,121
629,20241122,5,14,5,1,3,67,53600000,47764006,2024-11-22 20:00:00,2024-11-22 23:39:00,159
630,20241231,3,7,8,3,3,166,830000000,44923723,2024-12-31 20:00:00,2025-01-01 03:51:00,171
631,20240713,1,14,8,2,3,173,346000000,38759237,2024-07-13 16:00:00,2024-07-13 19:17:00,77
632,20241107,4,18,7,2,2,116,232000000,33879442,2024-11-07 20:00:00,2024-11-07 22:33:00,33
633,20240330,3,6,2,1,2,184,147200000,33650419,2024-03-30 05:00:00,2024-03-30 10:40:00,100
634,20240529,4,7,9,1,2,128,102400000,49320003,2024-05-29 14:00:00,2024-05-29 17:26:00,26
635,20240820,2,12,4,2,1,50,100000000,32209763,2024-08-20 04:00:00,2024-08-20 05:00:00,0
636,20240323,1,7,8,1,1,65,52000000,30483551,2024-03-23 14:00:00,2024-03-23 16:00:00,0
637,20241117,2,6,2,1,3,69,55200000,35004766,2024-11-17 17:00:00,2024-11-17 22:20:00,80
638,20241017,8,3,8,2,3,103,206000000,25834655,2024-10-17 00:00:00,2024-10-17 04:00:00,180
639,20240902,3,14,7,2,3,88,176000000,33589435,2024-09-02 17:00:00,2024-09-02 22:37:00,97
640,20241125,4,8,2,2,3,79,158000000,19679761,2024-11-25 07:00:00,2024-11-25 10:47:00,107
641,20240814,9,6,1,2,1,149,298000000,14889135,2024-08-14 19:00:00,2024-08-14 23:00:00,0
642,20240702,8,3,4,2,1,99,198000000,37206361,2024-07-02 05:00:00,2024-07-02 08:00:00,0
643,20240501,7,15,6,1,2,82,65600000,15786100,2024-05-01 02:00:00,2024-05-01 04:23:00,83
644,20240103,3,4,6,1,1,56,44800000,32217404,2024-01-03 21:00:00,2024-01-04 00:00:00,0
645,20240405,8,9,7,2,1,60,120000000,40490161,2024-04-05 08:00:00,2024-04-05 13:00:00,0
646,20241013,6,13,10,3,2,212,1060000000,35247346,2024-10-13 00:00:00,2024-10-13 06:09:00,69
647,20241013,1,4,6,3,3,67,335000000,32022323,2024-10-13 04:00:00,2024-10-13 11:01:00,121
648,20241227,9,20,1,3,2,131,655000000,25891068,2024-12-27 05:00:00,2024-12-27 08:37:00,37
649,20241005,4,18,5,3,2,55,275000000,17596426,2024-10-05 04:00:00,2024-10-05 06:52:00,52
650,20241214,3,12,5,1,3,101,80800000,38077513,2024-12-14 16:00:00,2024-12-14 20:43:00,103
651,20240615,9,7,9,2,2,66,132000000,48160208,2024-06-15 07:00:00,2024-06-15 09:43:00,103
652,20240211,6,10,2,3,1,113,565000000,20552686,2024-02-11 23:00:00,2024-02-12 03:00:00,0
653,20240313,5,17,9,1,3,166,132800000,42301781,2024-03-13 02:00:00,2024-03-13 08:08:00,68
654,20240417,7,9,1,3,3,187,935000000,15560671,2024-04-17 15:00:00,2024-04-17 20:19:00,79
655,20241229,7,17,5,2,3,109,218000000,30499399,2024-12-29 19:00:00,2024-12-30 01:58:00,178
656,20241107,4,2,6,2,3,62,124000000,32249935,2024-11-07 08:00:00,2024-11-07 11:35:00,95
657,20241029,8,13,2,1,2,118,94400000,41772926,2024-10-29 18:00:00,2024-10-29 20:52:00,112
658,20240714,2,8,4,3,1,104,520000000,13541065,2024-07-14 23:00:00,2024-07-15 03:00:00,0
659,20240612,4,12,8,1,1,152,121600000,49945726,2024-06-12 08:00:00,2024-06-12 11:00:00,0
660,20240310,8,16,5,3,2,118,590000000,39934226,2024-03-10 01:00:00,2024-03-10 03:09:00,69
661,20240612,4,10,1,1,2,175,140000000,49256420,2024-06-12 06:00:00,2024-06-12 07:38:00,38
662,20240212,2,3,9,3,1,109,545000000,39169341,2024-02-12 21:00:00,2024-02-12 22:00:00,0
663,20240902,5,14,4,1,3,71,56800000,25849064,2024-09-02 19:00:00,2024-09-03 02:14:00,134
664,20241030,8,10,2,2,2,178,356000000,32399381,2024-10-30 06:00:00,2024-10-30 07:53:00,53
665,20240612,2,2,10,3,3,196,980000000,36901998,2024-06-12 23:00:00,2024-06-13 05:59:00,119
666,20241223,4,5,8,3,3,82,410000000,19038230,2024-12-23 01:00:00,2024-12-23 04:18:00,78
667,20240325,3,5,3,1,1,68,54400000,13941927,2024-03-25 10:00:00,2024-03-25 12:00:00,0
668,20240208,7,4,5,2,3,59,118000000,30540338,2024-02-08 02:00:00,2024-02-08 06:53:00,113
669,20240517,4,4,9,1,1,121,96800000,35700839,2024-05-17 09:00:00,2024-05-17 13:00:00,0
670,20240419,4,3,7,3,3,101,505000000,37592290,2024-04-19 11:00:00,2024-04-19 16:14:00,74
671,20240708,4,5,9,1,1,107,85600000,49713903,2024-07-08 18:00:00,2024-07-08 23:00:00,0
672,20240610,1,14,6,3,3,187,935000000,13277506,2024-06-10 04:00:00,2024-06-10 09:30:00,90
673,20240526,3,9,5,3,1,112,560000000,44517369,2024-05-26 04:00:00,2024-05-26 06:00:00,0
674,20240923,4,15,3,2,3,87,174000000,21013432,2024-09-23 00:00:00,2024-09-23 06:38:00,158
675,20241114,7,10,5,3,3,111,555000000,44225491,2024-11-14 22:00:00,2024-11-15 03:25:00,85
676,20240607,9,2,3,3,3,118,590000000,33712531,2024-06-07 07:00:00,2024-06-07 11:43:00,163
677,20240827,5,8,6,3,2,171,855000000,31212896,2024-08-27 14:00:00,2024-08-27 17:44:00,104
678,20240322,7,4,9,3,2,62,310000000,35482802,2024-03-22 22:00:00,2024-03-22 23:19:00,19
679,20241127,6,16,8,2,3,162,324000000,42883087,2024-11-27 07:00:00,2024-11-27 11:49:00,109
680,20241013,1,5,10,3,1,208,1040000000,23508849,2024-10-13 18:00:00,2024-10-13 22:00:00,0
681,20240321,3,17,8,2,1,78,156000000,30278620,2024-03-21 20:00:00,2024-03-21 23:00:00,0
682,20240326,1,3,5,2,3,114,228000000,39964886,2024-03-26 02:00:00,2024-03-26 04:18:00,78
683,20240402,5,7,7,3,3,53,265000000,20417764,2024-04-02 19:00:00,2024-04-03 00:55:00,115
684,20241017,2,2,2,1,1,211,168800000,36283944,2024-10-17 23:00:00,2024-10-18 02:00:00,0
685,20240422,3,15,10,3,1,142,710000000,31802625,2024-04-22 02:00:00,2024-04-22 06:00:00,0
686,20241019,6,7,5,2,3,63,126000000,18554012,2024-10-19 20:00:00,2024-10-20 01:02:00,122
687,20240925,2,7,7,1,3,88,70400000,44029687,2024-09-25 09:00:00,2024-09-25 16:03:00,123
688,20240823,4,14,7,1,3,143,114400000,30540452,2024-08-23 07:00:00,2024-08-23 13:47:00,167
689,20240901,4,2,10,3,1,136,680000000,39687992,2024-09-01 18:00:00,2024-09-01 23:00:00,0
690,20240922,7,10,8,2,2,138,276000000,36546499,2024-09-22 14:00:00,2024-09-22 20:13:00,73
691,20240530,1,4,9,1,1,112,89600000,29216498,2024-05-30 22:00:00,2024-05-31 02:00:00,0
692,20241011,10,14,4,1,1,105,84000000,24965486,2024-10-11 18:00:00,2024-10-11 20:00:00,0
693,20241111,8,8,5,2,2,118,236000000,41484988,2024-11-11 07:00:00,2024-11-11 09:00:00,60
694,20241110,7,5,8,1,2,76,60800000,21295856,2024-11-10 12:00:00,2024-11-10 15:14:00,14
695,20240410,5,1,4,1,2,93,74400000,13957396,2024-04-10 21:00:00,2024-04-11 01:39:00,39
696,20240708,2,18,5,3,3,113,565000000,36094222,2024-07-08 14:00:00,2024-07-08 18:26:00,146
697,20240128,5,17,4,3,2,57,285000000,42777145,2024-01-28 05:00:00,2024-01-28 11:12:00,72
698,20240117,3,20,1,1,2,108,86400000,46086516,2024-01-17 21:00:00,2024-01-18 01:11:00,11
699,20240729,5,5,8,1,1,142,113600000,19876406,2024-07-29 06:00:00,2024-07-29 11:00:00,0
700,20240203,8,19,9,1,2,107,85600000,39614156,2024-02-03 06:00:00,2024-02-03 12:17:00,77
701,20240208,9,17,10,2,3,146,292000000,24587919,2024-02-08 12:00:00,2024-02-08 19:41:00,161
702,20240307,9,16,8,1,2,154,123200000,19922804,2024-03-07 04:00:00,2024-03-07 09:00:00,120
703,20241103,9,20,2,1,3,61,48800000,26377939,2024-11-03 17:00:00,2024-11-03 20:34:00,154
704,20240429,5,13,1,2,1,128,256000000,39757830,2024-04-29 14:00:00,2024-04-29 19:00:00,0
705,20240301,1,4,9,3,2,119,595000000,41710397,2024-03-01 22:00:00,2024-03-02 03:16:00,76
706,20240123,1,1,1,1,1,137,109600000,48692116,2024-01-23 12:00:00,2024-01-23 15:00:00,0
707,20240929,6,16,6,1,2,57,45600000,22205732,2024-09-29 10:00:00,2024-09-29 13:49:00,49
708,20240511,5,2,7,3,3,82,410000000,25579469,2024-05-11 22:00:00,2024-05-12 04:52:00,112
709,20241013,6,5,5,3,2,79,395000000,21605741,2024-10-13 15:00:00,2024-10-13 20:52:00,52
710,20240103,3,20,4,1,2,79,63200000,33535184,2024-01-03 03:00:00,2024-01-03 07:14:00,14
711,20241211,5,12,10,2,3,208,416000000,41088376,2024-12-11 08:00:00,2024-12-11 15:01:00,121
712,20240920,2,5,10,3,3,139,695000000,11439026,2024-09-20 11:00:00,2024-09-20 14:24:00,84
713,20241201,3,14,10,1,2,134,107200000,25815695,2024-12-01 01:00:00,2024-12-01 03:28:00,28
714,20240129,1,2,1,3,1,94,470000000,31152451,2024-01-29 12:00:00,2024-01-29 13:00:00,0
715,20240226,9,5,2,3,1,160,800000000,22715654,2024-02-26 06:00:00,2024-02-26 08:00:00,0
716,20240119,1,20,8,2,3,65,130000000,19060014,2024-01-19 01:00:00,2024-01-19 04:19:00,79
717,20241015,4,12,6,3,3,107,535000000,11384868,2024-10-15 14:00:00,2024-10-15 18:44:00,104
718,20241203,6,10,2,3,3,53,265000000,48428967,2024-12-03 00:00:00,2024-12-03 05:08:00,68
719,20241219,7,14,6,1,1,55,44000000,27161301,2024-12-19 16:00:00,2024-12-19 17:00:00,0
720,20241023,1,8,10,3,3,128,640000000,27538709,2024-10-23 23:00:00,2024-10-24 05:28:00,148
721,20240504,7,15,7,2,2,111,222000000,25107331,2024-05-04 04:00:00,2024-05-04 08:01:00,61
722,20240904,3,5,8,1,3,145,116000000,14551440,2024-09-04 11:00:00,2024-09-04 13:50:00,110
723,20241231,1,15,2,1,3,70,56000000,24336354,2024-12-31 19:00:00,2025-01-01 01:15:00,75
724,20240707,6,1,1,2,1,203,406000000,40180736,2024-07-07 23:00:00,2024-07-08 01:00:00,0
725,20240411,9,15,6,3,2,135,675000000,24144348,2024-04-11 04:00:00,2024-04-11 10:41:00,101
726,20240706,1,18,5,1,3,71,56800000,10819418,2024-07-06 17:00:00,2024-07-07 00:41:00,161
727,20240913,2,20,10,1,1,140,112000000,30596903,2024-09-13 07:00:00,2024-09-13 11:00:00,0
728,20241010,8,12,6,2,2,67,134000000,31829801,2024-10-10 09:00:00,2024-10-10 14:45:00,105
729,20240805,8,10,3,2,3,56,112000000,33975959,2024-08-05 17:00:00,2024-08-05 22:24:00,84
730,20240505,9,10,6,2,2,104,208000000,46883901,2024-05-05 13:00:00,2024-05-05 17:21:00,81
731,20240108,1,14,6,1,2,79,63200000,31512514,2024-01-08 16:00:00,2024-01-08 21:13:00,73
732,20240405,1,14,2,1,1,104,83200000,24867112,2024-04-05 21:00:00,2024-04-06 02:00:00,0
733,20240702,8,14,6,3,3,216,1080000000,42911197,2024-07-02 18:00:00,2024-07-03 00:23:00,143
734,20240112,7,9,3,2,1,107,214000000,12131469,2024-01-12 22:00:00,2024-01-13 00:00:00,0
735,20241229,8,15,3,3,2,79,395000000,20699980,2024-12-29 23:00:00,2024-12-30 00:20:00,20
736,20240818,7,11,6,2,3,58,116000000,18707674,2024-08-18 06:00:00,2024-08-18 11:12:00,72
737,20241116,2,13,5,2,3,118,236000000,39464864,2024-11-16 18:00:00,2024-11-16 21:13:00,133
738,20240131,7,3,8,3,3,90,450000000,16692781,2024-01-31 12:00:00,2024-01-31 16:20:00,80
739,20241030,10,15,1,3,2,168,840000000,14630067,2024-10-30 21:00:00,2024-10-31 00:15:00,15
740,20240321,9,6,2,1,2,219,175200000,28964603,2024-03-21 00:00:00,2024-03-21 06:04:00,64
741,20240319,5,17,9,3,1,163,815000000,29056086,2024-03-19 18:00:00,2024-03-19 20:00:00,0
742,20240514,6,6,7,2,2,167,334000000,20027622,2024-05-14 01:00:00,2024-05-14 04:57:00,117
743,20240701,9,4,10,3,1,71,355000000,33033280,2024-07-01 09:00:00,2024-07-01 10:00:00,0
744,20240716,9,5,9,1,2,57,45600000,26480589,2024-07-16 03:00:00,2024-07-16 08:40:00,40
745,20240326,10,12,6,3,1,145,725000000,39208647,2024-03-26 08:00:00,2024-03-26 12:00:00,0
746,20240306,7,4,8,3,1,133,665000000,48926711,2024-03-06 21:00:00,2024-03-06 23:00:00,0
747,20240928,5,10,3,3,1,91,455000000,13336603,2024-09-28 04:00:00,2024-09-28 06:00:00,0
748,20240520,9,1,7,2,2,131,262000000,46118785,2024-05-20 12:00:00,2024-05-20 13:44:00,44
749,20240415,2,4,6,1,1,160,128000000,47041938,2024-04-15 05:00:00,2024-04-15 10:00:00,0
750,20240203,1,12,4,2,1,96,192000000,47252021,2024-02-03 00:00:00,2024-02-03 01:00:00,0
751,20240613,6,1,6,3,2,71,355000000,22233792,2024-06-13 12:00:00,2024-06-13 16:41:00,101
752,20240117,10,12,7,1,2,144,115200000,30193493,2024-01-17 21:00:00,2024-01-17 23:03:00,63
753,20241120,9,17,3,2,1,87,174000000,41630685,2024-11-20 15:00:00,2024-11-20 20:00:00,0
754,20241010,1,18,1,2,1,211,422000000,26652572,2024-10-10 07:00:00,2024-10-10 12:00:00,0
755,20240503,10,8,7,3,3,104,520000000,22951038,2024-05-03 05:00:00,2024-05-03 11:27:00,87
756,20241026,4,9,3,2,2,102,204000000,49452865,2024-10-26 22:00:00,2024-10-27 01:33:00,33
757,20240915,6,19,6,1,1,140,112000000,17873029,2024-09-15 09:00:00,2024-09-15 14:00:00,0
758,20241110,4,3,10,3,3,92,460000000,20183209,2024-11-10 19:00:00,2024-11-10 23:25:00,145
759,20240119,7,1,7,3,1,166,830000000,28695280,2024-01-19 21:00:00,2024-01-20 02:00:00,0
760,20240816,10,19,2,1,2,155,124000000,12305046,2024-08-16 07:00:00,2024-08-16 10:28:00,88
761,20240411,6,18,8,3,1,154,770000000,12765436,2024-04-11 01:00:00,2024-04-11 05:00:00,0
762,20241127,6,8,8,3,2,73,365000000,35711171,2024-11-27 00:00:00,2024-11-27 02:39:00,99
763,20240925,8,14,4,3,1,76,380000000,41467364,2024-09-25 14:00:00,2024-09-25 18:00:00,0
764,20240531,10,19,10,3,1,151,755000000,46539286,2024-05-31 22:00:00,2024-06-01 02:00:00,0
765,20241117,8,8,1,1,2,160,128000000,12329241,2024-11-17 02:00:00,2024-11-17 03:30:00,30
766,20240610,3,13,1,2,1,82,164000000,30738102,2024-06-10 21:00:00,2024-06-10 22:00:00,0
767,20241217,1,17,5,1,3,105,84000000,40581833,2024-12-17 08:00:00,2024-12-17 14:04:00,124
768,20240219,8,8,9,1,2,73,58400000,49722513,2024-02-19 10:00:00,2024-02-19 15:32:00,92
769,20240518,5,14,3,3,1,114,570000000,28540556,2024-05-18 17:00:00,2024-05-18 18:00:00,0
770,20240830,6,14,7,2,2,85,170000000,23946453,2024-08-30 10:00:00,2024-08-30 16:26:00,86
771,20240520,5,13,2,2,3,202,404000000,46168952,2024-05-20 23:00:00,2024-05-21 02:05:00,65
772,20240326,9,7,10,2,1,139,278000000,14463954,2024-03-26 06:00:00,2024-03-26 08:00:00,0
773,20241117,6,6,5,1,1,110,88000000,19740876,2024-11-17 16:00:00,2024-11-17 21:00:00,0
774,20241018,10,3,2,1,2,73,58400000,39521120,2024-10-18 02:00:00,2024-10-18 08:01:00,61
775,20240121,9,11,3,2,3,107,214000000,13525619,2024-01-21 23:00:00,2024-01-22 05:42:00,102
776,20240604,10,19,4,1,1,115,92000000,18651841,2024-06-04 23:00:00,2024-06-05 02:00:00,0
777,20240919,1,12,8,3,2,128,640000000,35916962,2024-09-19 07:00:00,2024-09-19 10:48:00,108
778,20240516,5,10,3,3,1,55,275000000,21890839,2024-05-16 18:00:00,2024-05-16 22:00:00,0
779,20240919,7,17,6,3,3,61,305000000,30870232,2024-09-19 04:00:00,2024-09-19 11:16:00,136
780,20240731,5,8,6,3,2,73,365000000,15002657,2024-07-31 19:00:00,2024-07-31 22:31:00,31
781,20240124,7,2,3,2,1,64,128000000,18341276,2024-01-24 20:00:00,2024-01-25 00:00:00,0
782,20240831,5,14,2,3,2,178,890000000,39446694,2024-08-31 21:00:00,2024-09-01 02:20:00,20
783,20240330,2,1,5,3,1,74,370000000,22533522,2024-03-30 03:00:00,2024-03-30 06:00:00,0
784,20240106,9,7,6,3,2,172,860000000,40707514,2024-01-06 23:00:00,2024-01-07 04:49:00,109
785,20240612,5,15,6,3,3,97,485000000,41675300,2024-06-12 18:00:00,2024-06-12 20:41:00,101
786,20240620,1,12,7,1,2,66,52800000,34007368,2024-06-20 17:00:00,2024-06-20 19:28:00,88
787,20240402,4,11,4,2,3,104,208000000,31790805,2024-04-02 23:00:00,2024-04-03 05:29:00,149
788,20240119,6,7,3,1,1,71,56800000,34869026,2024-01-19 02:00:00,2024-01-19 07:00:00,0
789,20240430,4,12,1,1,2,138,110400000,15784223,2024-04-30 19:00:00,2024-04-30 22:00:00,60
790,20241107,1,12,8,2,1,162,324000000,11403585,2024-11-07 07:00:00,2024-11-07 09:00:00,0
791,20241214,7,19,6,3,1,132,660000000,45397029,2024-12-14 21:00:00,2024-12-14 23:00:00,0
792,20240110,10,14,3,1,3,55,44000000,45431602,2024-01-10 05:00:00,2024-01-10 11:51:00,111
793,20240816,10,14,8,2,1,138,276000000,15277908,2024-08-16 14:00:00,2024-08-16 18:00:00,0
794,20240113,6,14,6,3,3,51,255000000,24010840,2024-01-13 01:00:00,2024-01-13 04:20:00,80
795,20240419,10,12,4,3,3,70,350000000,10963703,2024-04-19 09:00:00,2024-04-19 15:11:00,131
796,20240628,9,16,4,1,3,82,65600000,32915074,2024-06-28 09:00:00,2024-06-28 14:18:00,78
797,20240118,6,13,6,1,3,83,66400000,15215155,2024-01-18 23:00:00,2024-01-19 02:59:00,119
798,20240113,9,6,6,2,3,95,190000000,49598201,2024-01-13 09:00:00,2024-01-13 15:21:00,141
799,20240320,6,6,4,2,1,94,188000000,48014299,2024-03-20 17:00:00,2024-03-20 20:00:00,0
800,20240207,3,13,2,2,2,207,414000000,11295284,2024-02-07 09:00:00,2024-02-07 14:04:00,64
801,20240728,5,1,4,1,1,71,56800000,49876226,2024-07-28 02:00:00,2024-07-28 07:00:00,0
802,20240711,3,20,8,1,2,143,114400000,39091934,2024-07-11 11:00:00,2024-07-11 12:29:00,29
803,20240510,6,14,2,2,2,86,172000000,19150926,2024-05-10 17:00:00,2024-05-10 21:26:00,26
804,20240508,1,10,8,3,3,76,380000000,16056530,2024-05-08 23:00:00,2024-05-09 04:05:00,65
805,20240821,7,19,3,3,2,86,430000000,47773476,2024-08-21 06:00:00,2024-08-21 07:27:00,27
806,20241203,8,8,3,3,1,81,405000000,23224268,2024-12-03 06:00:00,2024-12-03 07:00:00,0
807,20240321,7,16,8,1,3,109,87200000,43457056,2024-03-21 21:00:00,2024-03-22 02:15:00,75
808,20240310,8,13,5,2,3,70,140000000,32782963,2024-03-10 10:00:00,2024-03-10 12:04:00,64
809,20240930,2,19,8,3,3,57,285000000,32373604,2024-09-30 19:00:00,2024-10-01 02:08:00,128
810,20240417,7,4,6,2,3,173,346000000,36429891,2024-04-17 18:00:00,2024-04-18 00:29:00,149
811,20240529,6,3,9,2,3,161,322000000,29796828,2024-05-29 23:00:00,2024-05-30 05:26:00,86
812,20240416,10,17,8,2,2,70,140000000,25582750,2024-04-16 11:00:00,2024-04-16 14:25:00,85
813,20240524,3,10,8,3,2,93,465000000,22815225,2024-05-24 22:00:00,2024-05-25 01:22:00,22
814,20240913,5,5,8,1,1,112,89600000,35597510,2024-09-13 18:00:00,2024-09-13 20:00:00,0
815,20240630,5,3,2,2,2,176,352000000,47551710,2024-06-30 20:00:00,2024-07-01 01:09:00,69
816,20240217,1,4,5,1,3,116,92800000,20760700,2024-02-17 06:00:00,2024-02-17 09:46:00,106
817,20240311,1,1,5,2,3,61,122000000,45482869,2024-03-11 00:00:00,2024-03-11 02:48:00,108
818,20241002,3,6,10,2,3,91,182000000,28507261,2024-10-02 01:00:00,2024-10-02 05:36:00,96
819,20241003,6,16,4,3,1,112,560000000,38134993,2024-10-03 23:00:00,2024-10-04 01:00:00,0
820,20241229,5,4,4,2,3,62,124000000,22895859,2024-12-29 01:00:00,2024-12-29 03:41:00,101
821,20240722,4,4,2,3,3,55,275000000,32978519,2024-07-22 05:00:00,2024-07-22 09:06:00,66
822,20241019,6,3,2,1,3,215,172000000,35860541,2024-10-19 08:00:00,2024-10-19 12:53:00,113
823,20240104,1,10,5,3,1,89,445000000,34486170,2024-01-04 09:00:00,2024-01-04 10:00:00,0
824,20240402,1,11,10,2,3,104,208000000,20165603,2024-04-02 17:00:00,2024-04-02 20:40:00,100
825,20240726,10,14,6,3,2,216,1080000000,16237908,2024-07-26 16:00:00,2024-07-26 19:46:00,106
826,20240606,4,11,3,2,1,54,108000000,40331729,2024-06-06 18:00:00,2024-06-06 22:00:00,0
827,20240131,7,9,4,2,1,55,110000000,17285401,2024-01-31 10:00:00,2024-01-31 11:00:00,0
828,20240412,2,7,2,3,1,102,510000000,42857203,2024-04-12 21:00:00,2024-04-13 01:00:00,0
829,20241001,10,16,4,2,2,90,180000000,14433849,2024-10-01 03:00:00,2024-10-01 09:50:00,110
830,20240629,1,7,3,3,3,106,530000000,48038179,2024-06-29 11:00:00,2024-06-29 15:28:00,88
831,20240506,9,1,3,1,1,90,72000000,24216285,2024-05-06 01:00:00,2024-05-06 03:00:00,0
832,20241211,7,6,6,2,1,60,120000000,16246192,2024-12-11 20:00:00,2024-12-11 23:00:00,0
833,20240808,4,6,7,1,1,125,100000000,23897569,2024-08-08 02:00:00,2024-08-08 06:00:00,0
834,20240707,3,7,8,2,3,50,100000000,32459661,2024-07-07 12:00:00,2024-07-07 17:20:00,140
835,20240616,7,6,7,2,3,166,332000000,20541684,2024-06-16 21:00:00,2024-06-17 03:37:00,97
836,20240606,1,16,8,1,2,81,64800000,35010893,2024-06-06 10:00:00,2024-06-06 13:30:00,90
837,20240512,1,4,6,2,1,130,260000000,32332441,2024-05-12 00:00:00,2024-05-12 02:00:00,0
838,20241129,6,12,10,3,2,196,980000000,21248553,2024-11-29 14:00:00,2024-11-29 16:55:00,115
839,20240516,1,10,5,2,3,92,184000000,26890824,2024-05-16 12:00:00,2024-05-16 15:29:00,89
840,20240214,1,11,6,2,2,126,252000000,34037814,2024-02-14 07:00:00,2024-02-14 12:59:00,59
841,20240211,9,11,10,2,3,187,374000000,46502200,2024-02-11 14:00:00,2024-02-11 20:23:00,83
842,20240703,7,17,8,1,1,71,56800000,45819864,2024-07-03 14:00:00,2024-07-03 15:00:00,0
843,20240928,8,4,6,2,3,105,210000000,42327706,2024-09-28 13:00:00,2024-09-28 16:56:00,116
844,20240827,5,3,4,2,3,58,116000000,33355523,2024-08-27 01:00:00,2024-08-27 07:56:00,176
845,20241104,3,1,10,1,2,110,88000000,49740867,2024-11-04 14:00:00,2024-11-04 18:50:00,110
846,20240427,7,6,8,3,3,72,360000000,49078368,2024-04-27 17:00:00,2024-04-27 20:20:00,80
847,20240801,2,9,9,3,1,70,350000000,36719994,2024-08-01 15:00:00,2024-08-01 16:00:00,0
848,20240216,8,5,1,1,2,135,108000000,46960898,2024-02-16 21:00:00,2024-02-16 23:51:00,111
849,20241113,4,20,4,3,1,66,330000000,41820041,2024-11-13 21:00:00,2024-11-14 01:00:00,0
850,20240825,1,20,9,3,2,152,760000000,28377639,2024-08-25 22:00:00,2024-08-26 03:16:00,16
851,20240401,1,13,4,1,1,52,41600000,43007404,2024-04-01 21:00:00,2024-04-01 22:00:00,0
852,20240302,10,18,4,3,1,100,500000000,15896913,2024-03-02 14:00:00,2024-03-02 15:00:00,0
853,20240424,4,5,8,3,2,66,330000000,33094239,2024-04-24 13:00:00,2024-04-24 18:25:00,25
854,20241223,7,14,4,1,2,92,73600000,15731223,2024-12-23 03:00:00,2024-12-23 06:41:00,41
855,20241027,4,15,10,3,1,96,480000000,39501771,2024-10-27 04:00:00,2024-10-27 07:00:00,0
856,20240118,5,1,3,1,1,63,50400000,16608828,2024-01-18 18:00:00,2024-01-18 22:00:00,0
857,20240609,4,4,5,1,1,69,55200000,16949040,2024-06-09 01:00:00,2024-06-09 05:00:00,0
858,20240428,2,3,2,3,1,133,665000000,49861314,2024-04-28 10:00:00,2024-04-28 15:00:00,0
859,20240519,9,1,7,1,1,82,65600000,24256437,2024-05-19 04:00:00,2024-05-19 07:00:00,0
860,20240923,4,3,8,3,3,174,870000000,48434247,2024-09-23 02:00:00,2024-09-23 05:28:00,88
861,20240826,8,20,8,3,1,85,425000000,46614474,2024-08-26 11:00:00,2024-08-26 13:00:00,0
862,20241025,7,8,9,1,2,96,76800000,49483620,2024-10-25 20:00:00,2024-10-26 00:08:00,8
863,20240729,1,14,2,2,1,124,248000000,28486361,2024-07-29 04:00:00,2024-07-29 05:00:00,0
864,20240204,10,7,1,3,2,216,1080000000,45621876,2024-02-04 18:00:00,2024-02-04 21:27:00,87
865,20240603,9,19,10,3,3,65,325000000,45401597,2024-06-03 02:00:00,2024-06-03 09:15:00,135
866,20240306,1,6,5,3,2,72,360000000,16039574,2024-03-06 00:00:00,2024-03-06 04:27:00,27
867,20240715,6,1,9,1,3,66,52800000,40670805,2024-07-15 13:00:00,2024-07-15 18:14:00,134
868,20240620,1,15,3,1,2,60,48000000,46356882,2024-06-20 20:00:00,2024-06-21 00:40:00,40
869,20240511,9,1,1,3,3,157,785000000,12924394,2024-05-11 17:00:00,2024-05-11 20:13:00,133
870,20240724,2,12,9,2,2,158,316000000,14015513,2024-07-24 20:00:00,2024-07-24 23:55:00,55
871,20240824,2,6,9,1,3,129,103200000,23302755,2024-08-24 21:00:00,2024-08-25 03:24:00,144
872,20240224,10,10,10,1,1,188,150400000,39434540,2024-02-24 01:00:00,2024-02-24 06:00:00,0
873,20240130,7,9,5,3,3,81,405000000,22487766,2024-01-30 05:00:00,2024-01-30 08:33:00,153
874,20240311,8,2,1,1,3,93,74400000,39816692,2024-03-11 20:00:00,2024-03-11 23:50:00,170
875,20240307,9,3,10,2,3,126,252000000,39607513,2024-03-07 19:00:00,2024-03-07 21:37:00,97
876,20241202,9,7,3,3,1,64,320000000,35125771,2024-12-02 15:00:00,2024-12-02 17:00:00,0
877,20240823,2,20,9,3,1,54,270000000,39848709,2024-08-23 17:00:00,2024-08-23 20:00:00,0
878,20240906,9,12,6,1,1,80,64000000,43757839,2024-09-06 21:00:00,2024-09-06 23:00:00,0
879,20241017,4,15,1,1,2,134,107200000,39839605,2024-10-17 00:00:00,2024-10-17 01:15:00,15
880,20240530,8,19,1,1,2,85,68000000,29947349,2024-05-30 11:00:00,2024-05-30 15:22:00,22
881,20240529,5,17,3,2,2,104,208000000,21880087,2024-05-29 10:00:00,2024-05-29 16:54:00,114
882,20240828,4,17,9,1,3,91,72800000,10435512,2024-08-28 09:00:00,2024-08-28 12:41:00,101
883,20241227,3,1,9,1,1,134,107200000,37336728,2024-12-27 05:00:00,2024-12-27 08:00:00,0
884,20240416,7,12,5,3,2,76,380000000,39928721,2024-04-16 04:00:00,2024-04-16 09:11:00,11
885,20240605,4,12,4,3,2,77,385000000,41039279,2024-06-05 18:00:00,2024-06-05 22:15:00,75
886,20241122,1,20,1,3,1,144,720000000,16577169,2024-11-22 11:00:00,2024-11-22 14:00:00,0
887,20240208,4,7,8,1,2,97,77600000,37393210,2024-02-08 18:00:00,2024-02-08 23:24:00,24
888,20240303,2,2,3,3,1,74,370000000,14656268,2024-03-03 08:00:00,2024-03-03 09:00:00,0
889,20241007,4,7,9,1,1,127,101600000,17499650,2024-10-07 02:00:00,2024-10-07 05:00:00,0
890,20240708,3,7,5,1,3,117,93600000,48527436,2024-07-08 23:00:00,2024-07-09 01:24:00,84
891,20240202,9,2,10,2,1,64,128000000,11624107,2024-02-02 00:00:00,2024-02-02 02:00:00,0
892,20240925,3,16,10,2,3,86,172000000,39613630,2024-09-25 06:00:00,2024-09-25 10:44:00,164
893,20240414,4,3,6,1,2,146,116800000,26551772,2024-04-14 19:00:00,2024-04-14 23:09:00,9
894,20240929,1,8,9,3,1,69,345000000,15224821,2024-09-29 06:00:00,2024-09-29 07:00:00,0
895,20240506,9,5,4,3,2,62,310000000,31294969,2024-05-06 17:00:00,2024-05-06 20:47:00,107
896,20240430,1,1,7,3,2,63,315000000,30495933,2024-04-30 02:00:00,2024-04-30 05:43:00,103
897,20240914,10,8,8,3,2,83,415000000,33148992,2024-09-14 14:00:00,2024-09-14 18:31:00,31
898,20241011,10,3,4,1,3,52,41600000,46863976,2024-10-11 19:00:00,2024-10-11 21:20:00,80
899,20240914,9,5,3,1,2,74,59200000,19584384,2024-09-14 05:00:00,2024-09-14 09:44:00,44
900,20240316,5,18,7,3,1,79,395000000,48726806,2024-03-16 14:00:00,2024-03-16 19:00:00,0
901,20240127,5,13,8,1,3,77,61600000,44881466,2024-01-27 01:00:00,2024-01-27 05:26:00,86
902,20241025,1,7,1,2,2,220,440000000,30390407,2024-10-25 02:00:00,2024-10-25 08:42:00,102
903,20240310,1,1,10,3,1,52,260000000,44708739,2024-03-10 17:00:00,2024-03-10 21:00:00,0
904,20240308,3,8,10,3,3,161,805000000,26974599,2024-03-08 09:00:00,2024-03-08 13:19:00,79
905,20240630,6,5,10,2,3,91,182000000,34090114,2024-06-30 04:00:00,2024-06-30 11:57:00,177
906,20240512,8,4,7,3,2,136,680000000,31519692,2024-05-12 05:00:00,2024-05-12 10:47:00,107
907,20240801,4,16,1,1,3,117,93600000,28470596,2024-08-01 06:00:00,2024-08-01 09:48:00,168
908,20240811,2,4,8,3,1,150,750000000,13731794,2024-08-11 16:00:00,2024-08-11 18:00:00,0
909,20240428,7,17,6,2,2,83,166000000,26843168,2024-04-28 09:00:00,2024-04-28 12:27:00,87
910,20240101,3,5,6,3,3,98,490000000,23520922,2024-01-01 22:00:00,2024-01-02 05:32:00,152
911,20240302,7,2,6,1,3,118,94400000,21017894,2024-03-02 11:00:00,2024-03-02 16:07:00,67
912,20240605,6,6,9,3,3,141,705000000,15429004,2024-06-05 10:00:00,2024-06-05 14:19:00,79
913,20240204,2,4,10,1,1,217,173600000,19412751,2024-02-04 01:00:00,2024-02-04 02:00:00,0
914,20240611,6,2,6,3,1,79,395000000,46947317,2024-06-11 06:00:00,2024-06-11 07:00:00,0
915,20240523,7,4,10,3,1,177,885000000,37464339,2024-05-23 23:00:00,2024-05-24 03:00:00,0
916,20240514,4,13,10,2,2,76,152000000,40130477,2024-05-14 14:00:00,2024-05-14 20:45:00,105
917,20240809,3,20,9,1,2,178,142400000,30849047,2024-08-09 14:00:00,2024-08-09 18:06:00,66
918,20240404,5,17,8,2,2,150,300000000,35605873,2024-04-04 16:00:00,2024-04-04 17:51:00,51
919,20241211,7,15,3,2,1,85,170000000,18423765,2024-12-11 08:00:00,2024-12-11 12:00:00,0
920,20241121,4,18,2,1,3,128,102400000,14640525,2024-11-21 08:00:00,2024-11-21 12:02:00,62
921,20240213,9,3,4,2,1,60,120000000,18582301,2024-02-13 14:00:00,2024-02-13 17:00:00,0
922,20241128,7,14,9,2,1,132,264000000,30832427,2024-11-28 10:00:00,2024-11-28 11:00:00,0
923,20240803,4,7,4,3,2,109,545000000,26932673,2024-08-03 05:00:00,2024-08-03 06:23:00,23
924,20240223,9,19,7,1,2,133,106400000,30978364,2024-02-23 13:00:00,2024-02-23 15:23:00,23
925,20241002,4,18,5,3,1,74,370000000,26252119,2024-10-02 11:00:00,2024-10-02 12:00:00,0
926,20240226,6,18,6,3,3,78,390000000,33497434,2024-02-26 12:00:00,2024-02-26 17:05:00,65
927,20240110,9,5,6,1,1,88,70400000,37280302,2024-01-10 11:00:00,2024-01-10 15:00:00,0
928,20240725,5,19,3,2,3,120,240000000,44260960,2024-07-25 19:00:00,2024-07-25 22:22:00,142
929,20240424,9,8,3,1,2,99,79200000,30434912,2024-04-24 17:00:00,2024-04-24 21:46:00,106
930,20240917,9,9,6,2,2,183,366000000,27212482,2024-09-17 03:00:00,2024-09-17 08:16:00,16
931,20240313,1,2,8,2,3,146,292000000,23587567,2024-03-13 07:00:00,2024-03-13 12:20:00,80
932,20240802,9,9,5,3,2,74,370000000,16102965,2024-08-02 22:00:00,2024-08-03 01:23:00,83
933,20240104,7,9,2,3,1,96,480000000,21848377,2024-01-04 01:00:00,2024-01-04 04:00:00,0
934,20240121,6,4,9,2,3,131,262000000,19289069,2024-01-21 22:00:00,2024-01-22 01:26:00,86
935,20241220,6,7,7,2,2,113,226000000,49204297,2024-12-20 16:00:00,2024-12-20 21:15:00,75
936,20240818,6,7,3,1,1,56,44800000,23852947,2024-08-18 23:00:00,2024-08-19 03:00:00,0
937,20240214,1,8,6,3,3,103,515000000,42229774,2024-02-14 12:00:00,2024-02-14 17:31:00,91
938,20240822,6,12,9,1,1,146,116800000,30376693,2024-08-22 08:00:00,2024-08-22 12:00:00,0
939,20240207,7,5,6,1,2,87,69600000,38961732,2024-02-07 05:00:00,2024-02-07 08:51:00,51
940,20240120,7,16,3,1,1,112,89600000,13521161,2024-01-20 06:00:00,2024-01-20 10:00:00,0
941,20240405,6,4,1,1,2,85,68000000,28307613,2024-04-05 02:00:00,2024-04-05 04:54:00,114
942,20241122,9,10,2,1,1,198,158400000,40132108,2024-11-22 18:00:00,2024-11-22 23:00:00,0
943,20240718,8,14,3,1,2,68,54400000,42388425,2024-07-18 15:00:00,2024-07-18 20:06:00,6
944,20240121,7,12,8,2,3,127,254000000,32156875,2024-01-21 05:00:00,2024-01-21 12:34:00,154
945,20240923,5,19,2,1,1,61,48800000,30388188,2024-09-23 11:00:00,2024-09-23 12:00:00,0
946,20240329,1,14,2,2,3,64,128000000,26041050,2024-03-29 05:00:00,2024-03-29 10:13:00,133
947,20240316,4,10,10,3,1,86,430000000,17071410,2024-03-16 01:00:00,2024-03-16 05:00:00,0
948,20241105,1,18,3,1,3,90,72000000,25903021,2024-11-05 14:00:00,2024-11-05 20:13:00,73
949,20240326,2,15,10,1,3,86,68800000,19764845,2024-03-26 04:00:00,2024-03-26 09:33:00,153
950,20241225,9,17,8,1,2,169,135200000,47193339,2024-12-25 01:00:00,2024-12-25 04:00:00,120
951,20241212,6,3,10,1,3,210,168000000,41214266,2024-12-12 17:00:00,2024-12-12 22:57:00,177
952,20240110,5,11,8,2,3,176,352000000,42082432,2024-01-10 18:00:00,2024-01-11 00:42:00,102
953,20240919,4,15,9,2,1,180,360000000,19966039,2024-09-19 01:00:00,2024-09-19 03:00:00,0
954,20240702,4,5,5,2,3,63,126000000,13635943,2024-07-02 12:00:00,2024-07-02 17:00:00,120
955,20240602,9,15,9,3,3,138,690000000,16102670,2024-06-02 22:00:00,2024-06-03 04:32:00,92
956,20241104,9,16,9,3,3,156,780000000,11884867,2024-11-04 20:00:00,2024-11-04 23:03:00,63
957,20241129,7,15,4,3,3,90,450000000,35076311,2024-11-29 21:00:00,2024-11-30 01:52:00,112
958,20240201,7,2,10,2,2,136,272000000,36462054,2024-02-01 18:00:00,2024-02-02 00:52:00,112
959,20240122,5,2,2,2,3,137,274000000,45730460,2024-01-22 05:00:00,2024-01-22 08:46:00,166
960,20240202,10,6,7,3,1,57,285000000,34700178,2024-02-02 11:00:00,2024-02-02 15:00:00,0
961,20240424,5,2,7,3,1,158,790000000,23391955,2024-04-24 04:00:00,2024-04-24 05:00:00,0
962,20240725,6,1,8,1,3,66,52800000,19645262,2024-07-25 15:00:00,2024-07-25 18:34:00,94
963,20240815,3,5,3,2,1,60,120000000,32815118,2024-08-15 06:00:00,2024-08-15 08:00:00,0
964,20240923,4,1,9,3,1,85,425000000,16589669,2024-09-23 13:00:00,2024-09-23 17:00:00,0
965,20240419,8,6,4,3,3,50,250000000,45724645,2024-04-19 16:00:00,2024-04-19 19:20:00,140
966,20240817,10,17,6,2,2,69,138000000,44198416,2024-08-17 09:00:00,2024-08-17 14:59:00,59
967,20240525,8,18,5,2,3,57,114000000,13202114,2024-05-25 19:00:00,2024-05-26 01:53:00,173
968,20240103,9,5,3,2,3,118,236000000,41270965,2024-01-03 21:00:00,2024-01-04 01:56:00,116
969,20241111,2,2,3,1,2,119,95200000,28573983,2024-11-11 11:00:00,2024-11-11 13:19:00,19
970,20240113,3,13,3,2,2,119,238000000,34981564,2024-01-13 12:00:00,2024-01-13 16:42:00,102
971,20240828,4,9,4,1,2,79,63200000,45546788,2024-08-28 23:00:00,2024-08-29 04:05:00,5
972,20241206,8,7,2,3,3,89,445000000,20571327,2024-12-06 07:00:00,2024-12-06 12:23:00,83
973,20241226,8,20,5,2,2,81,162000000,37643313,2024-12-26 03:00:00,2024-12-26 06:53:00,53
974,20241117,9,17,7,1,2,120,96000000,29440683,2024-11-17 14:00:00,2024-11-17 16:20:00,80
975,20241030,6,3,4,1,2,65,52000000,48884180,2024-10-30 13:00:00,2024-10-30 17:21:00,21
976,20241018,8,4,3,1,2,84,67200000,24015919,2024-10-18 09:00:00,2024-10-18 12:43:00,43
977,20240911,9,15,7,1,3,151,120800000,28869860,2024-09-11 22:00:00,2024-09-12 05:00:00,180
978,20240502,3,7,3,3,1,71,355000000,45849154,2024-05-02 15:00:00,2024-05-02 20:00:00,0
979,20241011,3,16,4,3,3,56,280000000,36682486,2024-10-11 22:00:00,2024-10-12 02:40:00,160
980,20240817,2,14,3,1,1,104,83200000,31549891,2024-08-17 09:00:00,2024-08-17 14:00:00,0
981,20240219,8,3,9,1,1,151,120800000,13084123,2024-02-19 18:00:00,2024-02-19 20:00:00,0
982,20240706,4,8,1,1,1,95,76000000,22715602,2024-07-06 03:00:00,2024-07-06 08:00:00,0
983,20240324,1,11,5,2,3,80,160000000,17148784,2024-03-24 00:00:00,2024-03-24 05:07:00,127
984,20240210,3,11,7,2,1,76,152000000,24376238,2024-02-10 08:00:00,2024-02-10 12:00:00,0
985,20240111,6,18,2,1,2,197,157600000,46415116,2024-01-11 06:00:00,2024-01-11 11:44:00,104
986,20240908,1,17,2,1,2,77,61600000,28100798,2024-09-08 23:00:00,2024-09-09 00:39:00,39
987,20240201,2,10,3,3,1,62,310000000,14928273,2024-02-01 11:00:00,2024-02-01 14:00:00,0
988,20240919,5,11,10,3,1,154,770000000,36447553,2024-09-19 02:00:00,2024-09-19 04:00:00,0
989,20241105,6,3,9,1,1,83,66400000,47303019,2024-11-05 00:00:00,2024-11-05 05:00:00,0
990,20240711,1,1,7,1,1,133,106400000,12346445,2024-07-11 13:00:00,2024-07-11 18:00:00,0
991,20241203,7,17,5,2,1,84,168000000,10331342,2024-12-03 05:00:00,2024-12-03 06:00:00,0
992,20241005,6,14,3,3,1,91,455000000,48100984,2024-10-05 19:00:00,2024-10-06 00:00:00,0
993,20240226,3,18,8,2,1,155,310000000,19571449,2024-02-26 19:00:00,2024-02-26 23:00:00,0
994,20240412,4,9,8,3,1,100,500000000,22833257,2024-04-12 17:00:00,2024-04-12 21:00:00,0
995,20240816,7,20,2,2,2,53,106000000,22554917,2024-08-16 11:00:00,2024-08-16 13:51:00,111
996,20241229,4,12,8,3,1,143,715000000,43300724,2024-12-29 01:00:00,2024-12-29 06:00:00,0
997,20241109,10,19,6,3,2,194,970000000,14222823,2024-11-09 13:00:00,2024-11-09 18:23:00,83
998,20240607,2,11,3,2,2,85,170000000,43864370,2024-06-07 20:00:00,2024-06-07 23:23:00,23
999,20240724,4,9,1,2,3,188,376000000,12371435,2024-07-24 03:00:00,2024-07-24 07:24:00,84
1000,20240808,7,9,8,2,2,64,128000000,15593405,2024-08-08 10:00:00,2024-08-08 13:45:00,45
